json_file;chartsjs
{"chart_type": "bar", "title": "Blood types in Albania", "data": [{"name": "O+", "quantity": 1048431, "color": "rgba(255, 99, 132, 0.2)"}, {"name": "A+", "quantity": 959269, "color": "rgba(255, 99, 132, 0.2)"}, {"name": "B+", "quantity": 445814, "color": "rgba(255, 99, 132, 0.2)"}, {"name": "AB+", "quantity": 159878, "color": "rgba(255, 99, 132, 0.2)"}, {"name": "O-", "quantity": 184475, "color": "rgba(255, 99, 132, 0.2)"}, {"name": "A-", "quantity": 169102, "color": "rgba(255, 99, 132, 0.2)"}, {"name": "B-", "quantity": 79939, "color": "rgba(255, 99, 132, 0.2)"}, {"name": "AB-", "quantity": 27671, "color": "rgba(255, 99, 132, 0.2)"}]};
{"chart_type": "bar", "title": "Blood types in Algeria", "data": [{"name": "O+", "quantity": 17430676, "color": "rgba(255, 99, 132, 0.2)"}, {"name": "A+", "quantity": 13073007, "color": "rgba(255, 99, 132, 0.2)"}, {"name": "B+", "quantity": 6536504, "color": "rgba(255, 99, 132, 0.2)"}, {"name": "AB+", "quantity": 1852009, "color": "rgba(255, 99, 132, 0.2)"}, {"name": "O-", "quantity": 2876062, "color": "rgba(255, 99, 132, 0.2)"}, {"name": "A-", "quantity": 1002264, "color": "rgba(255, 99, 132, 0.2)"}, {"name": "B-", "quantity": 479344, "color": "rgba(255, 99, 132, 0.2)"}, {"name": "AB-", "quantity": 326825, "color": "rgba(255, 99, 132, 0.2)"}]};
{"chart_type": "bar", "title": "Blood types in Argentina", "data": [{"name": "O+", "quantity": 22239289, "color": "rgba(255, 99, 132, 0.2)"}, {"name": "A+", "quantity": 14344114, "color": "rgba(255, 99, 132, 0.2)"}, {"name": "B+", "quantity": 3638329, "color": "rgba(255, 99, 132, 0.2)"}, {"name": "AB+", "quantity": 1114238, "color": "rgba(255, 99, 132, 0.2)"}, {"name": "O-", "quantity": 2228477, "color": "rgba(255, 99, 132, 0.2)"}, {"name": "A-", "quantity": 1437140, "color": "rgba(255, 99, 132, 0.2)"}, {"name": "B-", "quantity": 363833, "color": "rgba(255, 99, 132, 0.2)"}, {"name": "AB-", "quantity": 113698, "color": "rgba(255, 99, 132, 0.2)"}]};
{"chart_type": "bar", "title": "Blood types in Armenia", "data": [{"name": "O+", "quantity": 876184, "color": "rgba(255, 99, 132, 0.2)"}, {"name": "A+", "quantity": 1398873, "color": "rgba(255, 99, 132, 0.2)"}, {"name": "B+", "quantity": 362559, "color": "rgba(255, 99, 132, 0.2)"}, {"name": "AB+", "quantity": 169194, "color": "rgba(255, 99, 132, 0.2)"}, {"name": "O-", "quantity": 60426, "color": "rgba(255, 99, 132, 0.2)"}, {"name": "A-", "quantity": 111789, "color": "rgba(255, 99, 132, 0.2)"}, {"name": "B-", "quantity": 30213, "color": "rgba(255, 99, 132, 0.2)"}, {"name": "AB-", "quantity": 12085, "color": "rgba(255, 99, 132, 0.2)"}]};
{"chart_type": "bar", "title": "Blood types in Australia", "data": [{"name": "O+", "quantity": 9677254, "color": "rgba(255, 99, 132, 0.2)"}, {"name": "A+", "quantity": 8149267, "color": "rgba(255, 99, 132, 0.2)"}, {"name": "B+", "quantity": 3055975, "color": "rgba(255, 99, 132, 0.2)"}, {"name": "AB+", "quantity": 1018658, "color": "rgba(255, 99, 132, 0.2)"}, {"name": "O-", "quantity": 1782652, "color": "rgba(255, 99, 132, 0.2)"}, {"name": "A-", "quantity": 1527988, "color": "rgba(255, 99, 132, 0.2)"}, {"name": "B-", "quantity": 509329, "color": "rgba(255, 99, 132, 0.2)"}, {"name": "AB-", "quantity": 254665, "color": "rgba(255, 99, 132, 0.2)"}]};
{"chart_type": "bar", "title": "Blood types in Austria", "data": [{"name": "O+", "quantity": 2657835, "color": "rgba(255, 99, 132, 0.2)"}, {"name": "A+", "quantity": 3277996, "color": "rgba(255, 99, 132, 0.2)"}, {"name": "B+", "quantity": 1063134, "color": "rgba(255, 99, 132, 0.2)"}, {"name": "AB+", "quantity": 442972, "color": "rgba(255, 99, 132, 0.2)"}, {"name": "O-", "quantity": 531567, "color": "rgba(255, 99, 132, 0.2)"}, {"name": "A-", "quantity": 620161, "color": "rgba(255, 99, 132, 0.2)"}, {"name": "B-", "quantity": 177189, "color": "rgba(255, 99, 132, 0.2)"}, {"name": "AB-", "quantity": 39868, "color": "rgba(255, 99, 132, 0.2)"}]};
{"chart_type": "bar", "title": "Blood types in Azerbaijan", "data": [{"name": "O+", "quantity": 3041331, "color": "rgba(255, 99, 132, 0.2)"}, {"name": "A+", "quantity": 3061743, "color": "rgba(255, 99, 132, 0.2)"}, {"name": "B+", "quantity": 2153426, "color": "rgba(255, 99, 132, 0.2)"}, {"name": "AB+", "quantity": 918523, "color": "rgba(255, 99, 132, 0.2)"}, {"name": "O-", "quantity": 336792, "color": "rgba(255, 99, 132, 0.2)"}, {"name": "A-", "quantity": 346998, "color": "rgba(255, 99, 132, 0.2)"}, {"name": "B-", "quantity": 244939, "color": "rgba(255, 99, 132, 0.2)"}, {"name": "AB-", "quantity": 102058, "color": "rgba(255, 99, 132, 0.2)"}]};
{"chart_type": "bar", "title": "Blood types in Bahrain", "data": [{"name": "O+", "quantity": 729625, "color": "rgba(255, 99, 132, 0.2)"}, {"name": "A+", "quantity": 291218, "color": "rgba(255, 99, 132, 0.2)"}, {"name": "B+", "quantity": 340281, "color": "rgba(255, 99, 132, 0.2)"}, {"name": "AB+", "quantity": 55234, "color": "rgba(255, 99, 132, 0.2)"}, {"name": "O-", "quantity": 49214, "color": "rgba(255, 99, 132, 0.2)"}, {"name": "A-", "quantity": 20017, "color": "rgba(255, 99, 132, 0.2)"}, {"name": "B-", "quantity": 15652, "color": "rgba(255, 99, 132, 0.2)"}, {"name": "AB-", "quantity": 3763, "color": "rgba(255, 99, 132, 0.2)"}]};
{"chart_type": "bar", "title": "Blood types in Bangladesh", "data": [{"name": "O+", "quantity": 47933265, "color": "rgba(255, 99, 132, 0.2)"}, {"name": "A+", "quantity": 43157989, "color": "rgba(255, 99, 132, 0.2)"}, {"name": "B+", "quantity": 54349529, "color": "rgba(255, 99, 132, 0.2)"}, {"name": "AB+", "quantity": 15737077, "color": "rgba(255, 99, 132, 0.2)"}, {"name": "O-", "quantity": 869724, "color": "rgba(255, 99, 132, 0.2)"}, {"name": "A-", "quantity": 787674, "color": "rgba(255, 99, 132, 0.2)"}, {"name": "B-", "quantity": 984593, "color": "rgba(255, 99, 132, 0.2)"}, {"name": "AB-", "quantity": 278968, "color": "rgba(255, 99, 132, 0.2)"}]};
{"chart_type": "bar", "title": "Blood types in Belarus", "data": [{"name": "O+", "quantity": 3049715, "color": "rgba(255, 99, 132, 0.2)"}, {"name": "A+", "quantity": 2889204, "color": "rgba(255, 99, 132, 0.2)"}, {"name": "B+", "quantity": 1444602, "color": "rgba(255, 99, 132, 0.2)"}, {"name": "AB+", "quantity": 642045, "color": "rgba(255, 99, 132, 0.2)"}, {"name": "O-", "quantity": 538185, "color": "rgba(255, 99, 132, 0.2)"}, {"name": "A-", "quantity": 509859, "color": "rgba(255, 99, 132, 0.2)"}, {"name": "B-", "quantity": 254930, "color": "rgba(255, 99, 132, 0.2)"}, {"name": "AB-", "quantity": 113302, "color": "rgba(255, 99, 132, 0.2)"}]};
{"chart_type": "bar", "title": "Blood types in Belgium", "data": [{"name": "O+", "quantity": 4453872, "color": "rgba(255, 99, 132, 0.2)"}, {"name": "A+", "quantity": 3985043, "color": "rgba(255, 99, 132, 0.2)"}, {"name": "B+", "quantity": 996261, "color": "rgba(255, 99, 132, 0.2)"}, {"name": "AB+", "quantity": 468829, "color": "rgba(255, 99, 132, 0.2)"}, {"name": "O-", "quantity": 820450, "color": "rgba(255, 99, 132, 0.2)"}, {"name": "A-", "quantity": 703243, "color": "rgba(255, 99, 132, 0.2)"}, {"name": "B-", "quantity": 175811, "color": "rgba(255, 99, 132, 0.2)"}, {"name": "AB-", "quantity": 117207, "color": "rgba(255, 99, 132, 0.2)"}]};
{"chart_type": "bar", "title": "Blood types in Bhutan", "data": [{"name": "O+", "quantity": 327107, "color": "rgba(255, 99, 132, 0.2)"}, {"name": "A+", "quantity": 250968, "color": "rgba(255, 99, 132, 0.2)"}, {"name": "B+", "quantity": 204581, "color": "rgba(255, 99, 132, 0.2)"}, {"name": "AB+", "quantity": 72109, "color": "rgba(255, 99, 132, 0.2)"}, {"name": "O-", "quantity": 514, "color": "rgba(255, 99, 132, 0.2)"}, {"name": "A-", "quantity": 343, "color": "rgba(255, 99, 132, 0.2)"}, {"name": "B-", "quantity": 343, "color": "rgba(255, 99, 132, 0.2)"}, {"name": "AB-", "quantity": 86, "color": "rgba(255, 99, 132, 0.2)"}]};
{"chart_type": "bar", "title": "Blood types in Bolivia", "data": [{"name": "O+", "quantity": 5998045, "color": "rgba(255, 99, 132, 0.2)"}, {"name": "A+", "quantity": 3427953, "color": "rgba(255, 99, 132, 0.2)"}, {"name": "B+", "quantity": 1176795, "color": "rgba(255, 99, 132, 0.2)"}, {"name": "AB+", "quantity": 133859, "color": "rgba(255, 99, 132, 0.2)"}, {"name": "O-", "quantity": 510992, "color": "rgba(255, 99, 132, 0.2)"}, {"name": "A-", "quantity": 317770, "color": "rgba(255, 99, 132, 0.2)"}, {"name": "B-", "quantity": 62856, "color": "rgba(255, 99, 132, 0.2)"}, {"name": "AB-", "quantity": 11640, "color": "rgba(255, 99, 132, 0.2)"}]};
{"chart_type": "bar", "title": "Blood types in Bosnia and Herzegovina", "data": [{"name": "O+", "quantity": 1189032, "color": "rgba(255, 99, 132, 0.2)"}, {"name": "A+", "quantity": 1380811, "color": "rgba(255, 99, 132, 0.2)"}, {"name": "B+", "quantity": 460270, "color": "rgba(255, 99, 132, 0.2)"}, {"name": "AB+", "quantity": 230135, "color": "rgba(255, 99, 132, 0.2)"}, {"name": "O-", "quantity": 191779, "color": "rgba(255, 99, 132, 0.2)"}, {"name": "A-", "quantity": 268491, "color": "rgba(255, 99, 132, 0.2)"}, {"name": "B-", "quantity": 76712, "color": "rgba(255, 99, 132, 0.2)"}, {"name": "AB-", "quantity": 38356, "color": "rgba(255, 99, 132, 0.2)"}]};
{"chart_type": "bar", "title": "Blood types in Brazil", "data": [{"name": "O+", "quantity": 76217750, "color": "rgba(255, 99, 132, 0.2)"}, {"name": "A+", "quantity": 71983431, "color": "rgba(255, 99, 132, 0.2)"}, {"name": "B+", "quantity": 16937278, "color": "rgba(255, 99, 132, 0.2)"}, {"name": "AB+", "quantity": 5292899, "color": "rgba(255, 99, 132, 0.2)"}, {"name": "O-", "quantity": 19054438, "color": "rgba(255, 99, 132, 0.2)"}, {"name": "A-", "quantity": 16937278, "color": "rgba(255, 99, 132, 0.2)"}, {"name": "B-", "quantity": 4234319, "color": "rgba(255, 99, 132, 0.2)"}, {"name": "AB-", "quantity": 1058580, "color": "rgba(255, 99, 132, 0.2)"}]};
{"chart_type": "bar", "title": "Blood types in Bulgaria", "data": [{"name": "O+", "quantity": 1950732, "color": "rgba(255, 99, 132, 0.2)"}, {"name": "A+", "quantity": 2605620, "color": "rgba(255, 99, 132, 0.2)"}, {"name": "B+", "quantity": 891763, "color": "rgba(255, 99, 132, 0.2)"}, {"name": "AB+", "quantity": 473749, "color": "rgba(255, 99, 132, 0.2)"}, {"name": "O-", "quantity": 348345, "color": "rgba(255, 99, 132, 0.2)"}, {"name": "A-", "quantity": 459815, "color": "rgba(255, 99, 132, 0.2)"}, {"name": "B-", "quantity": 153272, "color": "rgba(255, 99, 132, 0.2)"}, {"name": "AB-", "quantity": 83603, "color": "rgba(255, 99, 132, 0.2)"}]};
{"chart_type": "bar", "title": "Blood types in Burkina Faso", "data": [{"name": "O+", "quantity": 8540234, "color": "rgba(255, 99, 132, 0.2)"}, {"name": "A+", "quantity": 4445455, "color": "rgba(255, 99, 132, 0.2)"}, {"name": "B+", "quantity": 5632192, "color": "rgba(255, 99, 132, 0.2)"}, {"name": "AB+", "quantity": 1105483, "color": "rgba(255, 99, 132, 0.2)"}, {"name": "O-", "quantity": 718457, "color": "rgba(255, 99, 132, 0.2)"}, {"name": "A-", "quantity": 374197, "color": "rgba(255, 99, 132, 0.2)"}, {"name": "B-", "quantity": 474695, "color": "rgba(255, 99, 132, 0.2)"}, {"name": "AB-", "quantity": 91945, "color": "rgba(255, 99, 132, 0.2)"}]};
{"chart_type": "bar", "title": "Blood types in Cambodia", "data": [{"name": "O+", "quantity": 7904902, "color": "rgba(255, 99, 132, 0.2)"}, {"name": "A+", "quantity": 4604140, "color": "rgba(255, 99, 132, 0.2)"}, {"name": "B+", "quantity": 3131492, "color": "rgba(255, 99, 132, 0.2)"}, {"name": "AB+", "quantity": 829422, "color": "rgba(255, 99, 132, 0.2)"}, {"name": "O-", "quantity": 220051, "color": "rgba(255, 99, 132, 0.2)"}, {"name": "A-", "quantity": 135416, "color": "rgba(255, 99, 132, 0.2)"}, {"name": "B-", "quantity": 84635, "color": "rgba(255, 99, 132, 0.2)"}, {"name": "AB-", "quantity": 16927, "color": "rgba(255, 99, 132, 0.2)"}]};
{"chart_type": "bar", "title": "Blood types in Cameroon", "data": [{"name": "O+", "quantity": 12992978, "color": "rgba(255, 99, 132, 0.2)"}, {"name": "A+", "quantity": 6700415, "color": "rgba(255, 99, 132, 0.2)"}, {"name": "B+", "quantity": 5843095, "color": "rgba(255, 99, 132, 0.2)"}, {"name": "AB+", "quantity": 1190260, "color": "rgba(255, 99, 132, 0.2)"}, {"name": "O-", "quantity": 496635, "color": "rgba(255, 99, 132, 0.2)"}, {"name": "A-", "quantity": 255254, "color": "rgba(255, 99, 132, 0.2)"}, {"name": "B-", "quantity": 221960, "color": "rgba(255, 99, 132, 0.2)"}, {"name": "AB-", "quantity": 44392, "color": "rgba(255, 99, 132, 0.2)"}]};
{"chart_type": "bar", "title": "Blood types in Canada", "data": [{"name": "O+", "quantity": 14700693, "color": "rgba(255, 99, 132, 0.2)"}, {"name": "A+", "quantity": 13569871, "color": "rgba(255, 99, 132, 0.2)"}, {"name": "B+", "quantity": 2864750, "color": "rgba(255, 99, 132, 0.2)"}, {"name": "AB+", "quantity": 942352, "color": "rgba(255, 99, 132, 0.2)"}, {"name": "O-", "quantity": 2638586, "color": "rgba(255, 99, 132, 0.2)"}, {"name": "A-", "quantity": 2261645, "color": "rgba(255, 99, 132, 0.2)"}, {"name": "B-", "quantity": 527717, "color": "rgba(255, 99, 132, 0.2)"}, {"name": "AB-", "quantity": 188470, "color": "rgba(255, 99, 132, 0.2)"}]};
{"chart_type": "bar", "title": "Blood types in Chile", "data": [{"name": "O+", "quantity": 10297349, "color": "rgba(255, 99, 132, 0.2)"}, {"name": "A+", "quantity": 4939527, "color": "rgba(255, 99, 132, 0.2)"}, {"name": "B+", "quantity": 1596798, "color": "rgba(255, 99, 132, 0.2)"}, {"name": "AB+", "quantity": 345549, "color": "rgba(255, 99, 132, 0.2)"}, {"name": "O-", "quantity": 598345, "color": "rgba(255, 99, 132, 0.2)"}, {"name": "A-", "quantity": 296444, "color": "rgba(255, 99, 132, 0.2)"}, {"name": "B-", "quantity": 89115, "color": "rgba(255, 99, 132, 0.2)"}, {"name": "AB-", "quantity": 23643, "color": "rgba(255, 99, 132, 0.2)"}]};
{"chart_type": "bar", "title": "Blood types in China", "data": [{"name": "O+", "quantity": 670990906, "color": "rgba(255, 99, 132, 0.2)"}, {"name": "A+", "quantity": 391411362, "color": "rgba(255, 99, 132, 0.2)"}, {"name": "B+", "quantity": 265600567, "color": "rgba(255, 99, 132, 0.2)"}, {"name": "AB+", "quantity": 78282272, "color": "rgba(255, 99, 132, 0.2)"}, {"name": "O-", "quantity": 4193693, "color": "rgba(255, 99, 132, 0.2)"}, {"name": "A-", "quantity": 5591591, "color": "rgba(255, 99, 132, 0.2)"}, {"name": "B-", "quantity": 4193693, "color": "rgba(255, 99, 132, 0.2)"}, {"name": "AB-", "quantity": 1397898, "color": "rgba(255, 99, 132, 0.2)"}]};
{"chart_type": "bar", "title": "Blood types in Colombia", "data": [{"name": "O+", "quantity": 27634765, "color": "rgba(255, 99, 132, 0.2)"}, {"name": "A+", "quantity": 12816052, "color": "rgba(255, 99, 132, 0.2)"}, {"name": "B+", "quantity": 3573376, "color": "rgba(255, 99, 132, 0.2)"}, {"name": "AB+", "quantity": 721547, "color": "rgba(255, 99, 132, 0.2)"}, {"name": "O-", "quantity": 2518052, "color": "rgba(255, 99, 132, 0.2)"}, {"name": "A-", "quantity": 1325291, "color": "rgba(255, 99, 132, 0.2)"}, {"name": "B-", "quantity": 343594, "color": "rgba(255, 99, 132, 0.2)"}, {"name": "AB-", "quantity": 152163, "color": "rgba(255, 99, 132, 0.2)"}]};
{"chart_type": "bar", "title": "Blood types in Costa Rica", "data": [{"name": "O+", "quantity": 2533700, "color": "rgba(255, 99, 132, 0.2)"}, {"name": "A+", "quantity": 1452927, "color": "rgba(255, 99, 132, 0.2)"}, {"name": "B+", "quantity": 632151, "color": "rgba(255, 99, 132, 0.2)"}, {"name": "AB+", "quantity": 152940, "color": "rgba(255, 99, 132, 0.2)"}, {"name": "O-", "quantity": 173332, "color": "rgba(255, 99, 132, 0.2)"}, {"name": "A-", "quantity": 96862, "color": "rgba(255, 99, 132, 0.2)"}, {"name": "B-", "quantity": 45882, "color": "rgba(255, 99, 132, 0.2)"}, {"name": "AB-", "quantity": 10196, "color": "rgba(255, 99, 132, 0.2)"}]};
{"chart_type": "bar", "title": "Blood types in Croatia", "data": [{"name": "O+", "quantity": 1226046, "color": "rgba(255, 99, 132, 0.2)"}, {"name": "A+", "quantity": 1521989, "color": "rgba(255, 99, 132, 0.2)"}, {"name": "B+", "quantity": 634162, "color": "rgba(255, 99, 132, 0.2)"}, {"name": "AB+", "quantity": 211387, "color": "rgba(255, 99, 132, 0.2)"}, {"name": "O-", "quantity": 211387, "color": "rgba(255, 99, 132, 0.2)"}, {"name": "A-", "quantity": 253665, "color": "rgba(255, 99, 132, 0.2)"}, {"name": "B-", "quantity": 126832, "color": "rgba(255, 99, 132, 0.2)"}, {"name": "AB-", "quantity": 42277, "color": "rgba(255, 99, 132, 0.2)"}]};
{"chart_type": "bar", "title": "Blood types in Cuba", "data": [{"name": "O+", "quantity": 5065050, "color": "rgba(255, 99, 132, 0.2)"}, {"name": "A+", "quantity": 3704786, "color": "rgba(255, 99, 132, 0.2)"}, {"name": "B+", "quantity": 1128024, "color": "rgba(255, 99, 132, 0.2)"}, {"name": "AB+", "quantity": 320713, "color": "rgba(255, 99, 132, 0.2)"}, {"name": "O-", "quantity": 398126, "color": "rgba(255, 99, 132, 0.2)"}, {"name": "A-", "quantity": 309654, "color": "rgba(255, 99, 132, 0.2)"}, {"name": "B-", "quantity": 110591, "color": "rgba(255, 99, 132, 0.2)"}, {"name": "AB-", "quantity": 22118, "color": "rgba(255, 99, 132, 0.2)"}]};
{"chart_type": "bar", "title": "Blood types in Cyprus", "data": [{"name": "O+", "quantity": 446123, "color": "rgba(255, 99, 132, 0.2)"}, {"name": "A+", "quantity": 511104, "color": "rgba(255, 99, 132, 0.2)"}, {"name": "B+", "quantity": 140728, "color": "rgba(255, 99, 132, 0.2)"}, {"name": "AB+", "quantity": 59787, "color": "rgba(255, 99, 132, 0.2)"}, {"name": "O-", "quantity": 48767, "color": "rgba(255, 99, 132, 0.2)"}, {"name": "A-", "quantity": 44080, "color": "rgba(255, 99, 132, 0.2)"}, {"name": "B-", "quantity": 11020, "color": "rgba(255, 99, 132, 0.2)"}, {"name": "AB-", "quantity": 5067, "color": "rgba(255, 99, 132, 0.2)"}]};
{"chart_type": "bar", "title": "Blood types in Czech Republic", "data": [{"name": "O+", "quantity": 2889674, "color": "rgba(255, 99, 132, 0.2)"}, {"name": "A+", "quantity": 3852899, "color": "rgba(255, 99, 132, 0.2)"}, {"name": "B+", "quantity": 1605375, "color": "rgba(255, 99, 132, 0.2)"}, {"name": "AB+", "quantity": 749175, "color": "rgba(255, 99, 132, 0.2)"}, {"name": "O-", "quantity": 535125, "color": "rgba(255, 99, 132, 0.2)"}, {"name": "A-", "quantity": 642150, "color": "rgba(255, 99, 132, 0.2)"}, {"name": "B-", "quantity": 321075, "color": "rgba(255, 99, 132, 0.2)"}, {"name": "AB-", "quantity": 107025, "color": "rgba(255, 99, 132, 0.2)"}]};
{"chart_type": "bar", "title": "Blood types in Democratic Republic of the Congo", "data": [{"name": "O+", "quantity": 60559256, "color": "rgba(255, 99, 132, 0.2)"}, {"name": "A+", "quantity": 21679196, "color": "rgba(255, 99, 132, 0.2)"}, {"name": "B+", "quantity": 15470600, "color": "rgba(255, 99, 132, 0.2)"}, {"name": "AB+", "quantity": 2442726, "color": "rgba(255, 99, 132, 0.2)"}, {"name": "O-", "quantity": 1017803, "color": "rgba(255, 99, 132, 0.2)"}, {"name": "A-", "quantity": 305341, "color": "rgba(255, 99, 132, 0.2)"}, {"name": "B-", "quantity": 203561, "color": "rgba(255, 99, 132, 0.2)"}, {"name": "AB-", "quantity": 101780, "color": "rgba(255, 99, 132, 0.2)"}]};
{"chart_type": "bar", "title": "Blood types in Denmark", "data": [{"name": "O+", "quantity": 2054294, "color": "rgba(255, 99, 132, 0.2)"}, {"name": "A+", "quantity": 2171682, "color": "rgba(255, 99, 132, 0.2)"}, {"name": "B+", "quantity": 469553, "color": "rgba(255, 99, 132, 0.2)"}, {"name": "AB+", "quantity": 234776, "color": "rgba(255, 99, 132, 0.2)"}, {"name": "O-", "quantity": 352165, "color": "rgba(255, 99, 132, 0.2)"}, {"name": "A-", "quantity": 410859, "color": "rgba(255, 99, 132, 0.2)"}, {"name": "B-", "quantity": 117388, "color": "rgba(255, 99, 132, 0.2)"}, {"name": "AB-", "quantity": 58694, "color": "rgba(255, 99, 132, 0.2)"}]};
{"chart_type": "bar", "title": "Blood types in Dominican Republic", "data": [{"name": "O+", "quantity": 4850865, "color": "rgba(255, 99, 132, 0.2)"}, {"name": "A+", "quantity": 2771923, "color": "rgba(255, 99, 132, 0.2)"}, {"name": "B+", "quantity": 1774450, "color": "rgba(255, 99, 132, 0.2)"}, {"name": "AB+", "quantity": 325491, "color": "rgba(255, 99, 132, 0.2)"}, {"name": "O-", "quantity": 388489, "color": "rgba(255, 99, 132, 0.2)"}, {"name": "A-", "quantity": 220494, "color": "rgba(255, 99, 132, 0.2)"}, {"name": "B-", "quantity": 146996, "color": "rgba(255, 99, 132, 0.2)"}, {"name": "AB-", "quantity": 20999, "color": "rgba(255, 99, 132, 0.2)"}]};
{"chart_type": "bar", "title": "Blood types in Ecuador", "data": [{"name": "O+", "quantity": 12678650, "color": "rgba(255, 99, 132, 0.2)"}, {"name": "A+", "quantity": 2366681, "color": "rgba(255, 99, 132, 0.2)"}, {"name": "B+", "quantity": 1200246, "color": "rgba(255, 99, 132, 0.2)"}, {"name": "AB+", "quantity": 84524, "color": "rgba(255, 99, 132, 0.2)"}, {"name": "O-", "quantity": 402336, "color": "rgba(255, 99, 132, 0.2)"}, {"name": "A-", "quantity": 118334, "color": "rgba(255, 99, 132, 0.2)"}, {"name": "B-", "quantity": 50715, "color": "rgba(255, 99, 132, 0.2)"}, {"name": "AB-", "quantity": 3381, "color": "rgba(255, 99, 132, 0.2)"}]};
{"chart_type": "pie", "title": "Blood types in El Salvador", "data": [{"name": "O+", "quantity": 4018283, "color": "rgba(255, 99, 132, 0.2)"}, {"name": "A+", "quantity": 1490653, "color": "rgba(255, 99, 132, 0.2)"}, {"name": "B+", "quantity": 712921, "color": "rgba(255, 99, 132, 0.2)"}, {"name": "AB+", "quantity": 64811, "color": "rgba(255, 99, 132, 0.2)"}, {"name": "O-", "quantity": 64811, "color": "rgba(255, 99, 132, 0.2)"}, {"name": "A-", "quantity": 64811, "color": "rgba(255, 99, 132, 0.2)"}, {"name": "B-", "quantity": 45368, "color": "rgba(255, 99, 132, 0.2)"}, {"name": "AB-", "quantity": 19443, "color": "rgba(255, 99, 132, 0.2)"}]};
{"chart_type": "pie", "title": "Blood types in Estonia", "data": [{"name": "O+", "quantity": 362444, "color": "rgba(255, 99, 132, 0.2)"}, {"name": "A+", "quantity": 378416, "color": "rgba(255, 99, 132, 0.2)"}, {"name": "B+", "quantity": 254325, "color": "rgba(255, 99, 132, 0.2)"}, {"name": "AB+", "quantity": 77403, "color": "rgba(255, 99, 132, 0.2)"}, {"name": "O-", "quantity": 52831, "color": "rgba(255, 99, 132, 0.2)"}, {"name": "A-", "quantity": 55288, "color": "rgba(255, 99, 132, 0.2)"}, {"name": "B-", "quantity": 36859, "color": "rgba(255, 99, 132, 0.2)"}, {"name": "AB-", "quantity": 11058, "color": "rgba(255, 99, 132, 0.2)"}]};
{"chart_type": "pie", "title": "Blood types in Ethiopia", "data": [{"name": "O+", "quantity": 42164128, "color": "rgba(255, 99, 132, 0.2)"}, {"name": "A+", "quantity": 30271682, "color": "rgba(255, 99, 132, 0.2)"}, {"name": "B+", "quantity": 22703762, "color": "rgba(255, 99, 132, 0.2)"}, {"name": "AB+", "quantity": 5405658, "color": "rgba(255, 99, 132, 0.2)"}, {"name": "O-", "quantity": 3243394, "color": "rgba(255, 99, 132, 0.2)"}, {"name": "A-", "quantity": 2162263, "color": "rgba(255, 99, 132, 0.2)"}, {"name": "B-", "quantity": 1081132, "color": "rgba(255, 99, 132, 0.2)"}, {"name": "AB-", "quantity": 1081132, "color": "rgba(255, 99, 132, 0.2)"}]};
{"chart_type": "pie", "title": "Blood types in Fiji", "data": [{"name": "O+", "quantity": 402469, "color": "rgba(255, 99, 132, 0.2)"}, {"name": "A+", "quantity": 311679, "color": "rgba(255, 99, 132, 0.2)"}, {"name": "B+", "quantity": 154436, "color": "rgba(255, 99, 132, 0.2)"}, {"name": "AB+", "quantity": 44927, "color": "rgba(255, 99, 132, 0.2)"}, {"name": "O-", "quantity": 9360, "color": "rgba(255, 99, 132, 0.2)"}, {"name": "A-", "quantity": 6552, "color": "rgba(255, 99, 132, 0.2)"}, {"name": "B-", "quantity": 4680, "color": "rgba(255, 99, 132, 0.2)"}, {"name": "AB-", "quantity": 1872, "color": "rgba(255, 99, 132, 0.2)"}]};
{"chart_type": "pie", "title": "Blood types in Finland", "data": [{"name": "O+", "quantity": 1560066, "color": "rgba(255, 99, 132, 0.2)"}, {"name": "A+", "quantity": 1950083, "color": "rgba(255, 99, 132, 0.2)"}, {"name": "B+", "quantity": 891466, "color": "rgba(255, 99, 132, 0.2)"}, {"name": "AB+", "quantity": 390017, "color": "rgba(255, 99, 132, 0.2)"}, {"name": "O-", "quantity": 278583, "color": "rgba(255, 99, 132, 0.2)"}, {"name": "A-", "quantity": 334300, "color": "rgba(255, 99, 132, 0.2)"}, {"name": "B-", "quantity": 111433, "color": "rgba(255, 99, 132, 0.2)"}, {"name": "AB-", "quantity": 55717, "color": "rgba(255, 99, 132, 0.2)"}]};
{"chart_type": "pie", "title": "Blood types in France", "data": [{"name": "O+", "quantity": 24764577, "color": "rgba(255, 99, 132, 0.2)"}, {"name": "A+", "quantity": 25917996, "color": "rgba(255, 99, 132, 0.2)"}, {"name": "B+", "quantity": 5224308, "color": "rgba(255, 99, 132, 0.2)"}, {"name": "AB+", "quantity": 1696204, "color": "rgba(255, 99, 132, 0.2)"}, {"name": "O-", "quantity": 4410130, "color": "rgba(255, 99, 132, 0.2)"}, {"name": "A-", "quantity": 4613675, "color": "rgba(255, 99, 132, 0.2)"}, {"name": "B-", "quantity": 949874, "color": "rgba(255, 99, 132, 0.2)"}, {"name": "AB-", "quantity": 271393, "color": "rgba(255, 99, 132, 0.2)"}]};
{"chart_type": "pie", "title": "Blood types in Gabon", "data": [{"name": "O+", "quantity": 1314967, "color": "rgba(255, 99, 132, 0.2)"}, {"name": "A+", "quantity": 468864, "color": "rgba(255, 99, 132, 0.2)"}, {"name": "B+", "quantity": 392776, "color": "rgba(255, 99, 132, 0.2)"}, {"name": "AB+", "quantity": 58037, "color": "rgba(255, 99, 132, 0.2)"}, {"name": "O-", "quantity": 30846, "color": "rgba(255, 99, 132, 0.2)"}, {"name": "A-", "quantity": 10968, "color": "rgba(255, 99, 132, 0.2)"}, {"name": "B-", "quantity": 9368, "color": "rgba(255, 99, 132, 0.2)"}, {"name": "AB-", "quantity": 1371, "color": "rgba(255, 99, 132, 0.2)"}]};
{"chart_type": "pie", "title": "Blood types in Georgia", "data": [{"name": "O+", "quantity": 1716919, "color": "rgba(255, 99, 132, 0.2)"}, {"name": "A+", "quantity": 1593577, "color": "rgba(255, 99, 132, 0.2)"}, {"name": "B+", "quantity": 587107, "color": "rgba(255, 99, 132, 0.2)"}, {"name": "AB+", "quantity": 296020, "color": "rgba(255, 99, 132, 0.2)"}, {"name": "O-", "quantity": 305888, "color": "rgba(255, 99, 132, 0.2)"}, {"name": "A-", "quantity": 281219, "color": "rgba(255, 99, 132, 0.2)"}, {"name": "B-", "quantity": 103607, "color": "rgba(255, 99, 132, 0.2)"}, {"name": "AB-", "quantity": 49337, "color": "rgba(255, 99, 132, 0.2)"}]};
{"chart_type": "pie", "title": "Blood types in Germany", "data": [{"name": "O+", "quantity": 28055882, "color": "rgba(255, 99, 132, 0.2)"}, {"name": "A+", "quantity": 29659075, "color": "rgba(255, 99, 132, 0.2)"}, {"name": "B+", "quantity": 7214370, "color": "rgba(255, 99, 132, 0.2)"}, {"name": "AB+", "quantity": 3206386, "color": "rgba(255, 99, 132, 0.2)"}, {"name": "O-", "quantity": 4809580, "color": "rgba(255, 99, 132, 0.2)"}, {"name": "A-", "quantity": 4809580, "color": "rgba(255, 99, 132, 0.2)"}, {"name": "B-", "quantity": 1603193, "color": "rgba(255, 99, 132, 0.2)"}, {"name": "AB-", "quantity": 801597, "color": "rgba(255, 99, 132, 0.2)"}]};
{"chart_type": "pie", "title": "Blood types in Ghana", "data": [{"name": "O+", "quantity": 15785053, "color": "rgba(255, 99, 132, 0.2)"}, {"name": "A+", "quantity": 5163884, "color": "rgba(255, 99, 132, 0.2)"}, {"name": "B+", "quantity": 5369265, "color": "rgba(255, 99, 132, 0.2)"}, {"name": "AB+", "quantity": 821527, "color": "rgba(255, 99, 132, 0.2)"}, {"name": "O-", "quantity": 1320311, "color": "rgba(255, 99, 132, 0.2)"}, {"name": "A-", "quantity": 381423, "color": "rgba(255, 99, 132, 0.2)"}, {"name": "B-", "quantity": 381423, "color": "rgba(255, 99, 132, 0.2)"}, {"name": "AB-", "quantity": 58680, "color": "rgba(255, 99, 132, 0.2)"}]};
{"chart_type": "pie", "title": "Blood types in Greece", "data": [{"name": "O+", "quantity": 4009465, "color": "rgba(255, 99, 132, 0.2)"}, {"name": "A+", "quantity": 3415470, "color": "rgba(255, 99, 132, 0.2)"}, {"name": "B+", "quantity": 1166776, "color": "rgba(255, 99, 132, 0.2)"}, {"name": "AB+", "quantity": 424282, "color": "rgba(255, 99, 132, 0.2)"}, {"name": "O-", "quantity": 700065, "color": "rgba(255, 99, 132, 0.2)"}, {"name": "A-", "quantity": 604602, "color": "rgba(255, 99, 132, 0.2)"}, {"name": "B-", "quantity": 212141, "color": "rgba(255, 99, 132, 0.2)"}, {"name": "AB-", "quantity": 74249, "color": "rgba(255, 99, 132, 0.2)"}]};
{"chart_type": "pie", "title": "Blood types in Guinea", "data": [{"name": "O+", "quantity": 5872864, "color": "rgba(255, 99, 132, 0.2)"}, {"name": "A+", "quantity": 2710938, "color": "rgba(255, 99, 132, 0.2)"}, {"name": "B+", "quantity": 2863773, "color": "rgba(255, 99, 132, 0.2)"}, {"name": "AB+", "quantity": 566240, "color": "rgba(255, 99, 132, 0.2)"}, {"name": "O-", "quantity": 250549, "color": "rgba(255, 99, 132, 0.2)"}, {"name": "A-", "quantity": 112747, "color": "rgba(255, 99, 132, 0.2)"}, {"name": "B-", "quantity": 125274, "color": "rgba(255, 99, 132, 0.2)"}, {"name": "AB-", "quantity": 25055, "color": "rgba(255, 99, 132, 0.2)"}]};
{"chart_type": "pie", "title": "Blood types in Honduras", "data": [{"name": "O+", "quantity": 5310320, "color": "rgba(255, 99, 132, 0.2)"}, {"name": "A+", "quantity": 2493542, "color": "rgba(255, 99, 132, 0.2)"}, {"name": "B+", "quantity": 720357, "color": "rgba(255, 99, 132, 0.2)"}, {"name": "AB+", "quantity": 230884, "color": "rgba(255, 99, 132, 0.2)"}, {"name": "O-", "quantity": 249354, "color": "rgba(255, 99, 132, 0.2)"}, {"name": "A-", "quantity": 157001, "color": "rgba(255, 99, 132, 0.2)"}, {"name": "B-", "quantity": 55412, "color": "rgba(255, 99, 132, 0.2)"}, {"name": "AB-", "quantity": 18471, "color": "rgba(255, 99, 132, 0.2)"}]};
{"chart_type": "pie", "title": "Blood types in Hong Kong", "data": [{"name": "O+", "quantity": 3008711, "color": "rgba(255, 99, 132, 0.2)"}, {"name": "A+", "quantity": 1894401, "color": "rgba(255, 99, 132, 0.2)"}, {"name": "B+", "quantity": 1837126, "color": "rgba(255, 99, 132, 0.2)"}, {"name": "AB+", "quantity": 460369, "color": "rgba(255, 99, 132, 0.2)"}, {"name": "O-", "quantity": 23200, "color": "rgba(255, 99, 132, 0.2)"}, {"name": "A-", "quantity": 12325, "color": "rgba(255, 99, 132, 0.2)"}, {"name": "B-", "quantity": 10150, "color": "rgba(255, 99, 132, 0.2)"}, {"name": "AB-", "quantity": 3625, "color": "rgba(255, 99, 132, 0.2)"}]};
{"chart_type": "pie", "title": "Blood types in Hungary", "data": [{"name": "O+", "quantity": 2638393, "color": "rgba(255, 99, 132, 0.2)"}, {"name": "A+", "quantity": 3224703, "color": "rgba(255, 99, 132, 0.2)"}, {"name": "B+", "quantity": 1563492, "color": "rgba(255, 99, 132, 0.2)"}, {"name": "AB+", "quantity": 781746, "color": "rgba(255, 99, 132, 0.2)"}, {"name": "O-", "quantity": 488591, "color": "rgba(255, 99, 132, 0.2)"}, {"name": "A-", "quantity": 684028, "color": "rgba(255, 99, 132, 0.2)"}, {"name": "B-", "quantity": 293155, "color": "rgba(255, 99, 132, 0.2)"}, {"name": "AB-", "quantity": 97718, "color": "rgba(255, 99, 132, 0.2)"}]};
{"chart_type": "pie", "title": "Blood types in Iceland", "data": [{"name": "O+", "quantity": 164144, "color": "rgba(255, 99, 132, 0.2)"}, {"name": "A+", "quantity": 95400, "color": "rgba(255, 99, 132, 0.2)"}, {"name": "B+", "quantity": 31566, "color": "rgba(255, 99, 132, 0.2)"}, {"name": "AB+", "quantity": 7015, "color": "rgba(255, 99, 132, 0.2)"}, {"name": "O-", "quantity": 28760, "color": "rgba(255, 99, 132, 0.2)"}, {"name": "A-", "quantity": 16835, "color": "rgba(255, 99, 132, 0.2)"}, {"name": "B-", "quantity": 5612, "color": "rgba(255, 99, 132, 0.2)"}, {"name": "AB-", "quantity": 1403, "color": "rgba(255, 99, 132, 0.2)"}]};
{"chart_type": "pie", "title": "Blood types in India", "data": [{"name": "O+", "quantity": 375012544, "color": "rgba(255, 99, 132, 0.2)"}, {"name": "A+", "quantity": 345547273, "color": "rgba(255, 99, 132, 0.2)"}, {"name": "B+", "quantity": 428585764, "color": "rgba(255, 99, 132, 0.2)"}, {"name": "AB+", "quantity": 196881586, "color": "rgba(255, 99, 132, 0.2)"}, {"name": "O-", "quantity": 27188409, "color": "rgba(255, 99, 132, 0.2)"}, {"name": "A-", "quantity": 18214895, "color": "rgba(255, 99, 132, 0.2)"}, {"name": "B-", "quantity": 26786610, "color": "rgba(255, 99, 132, 0.2)"}, {"name": "AB-", "quantity": 6428786, "color": "rgba(255, 99, 132, 0.2)"}]};
{"chart_type": "pie", "title": "Blood types in Indonesia", "data": [{"name": "O+", "quantity": 98319108, "color": "rgba(255, 99, 132, 0.2)"}, {"name": "A+", "quantity": 69079721, "color": "rgba(255, 99, 132, 0.2)"}, {"name": "B+", "quantity": 77037107, "color": "rgba(255, 99, 132, 0.2)"}, {"name": "AB+", "quantity": 21255299, "color": "rgba(255, 99, 132, 0.2)"}, {"name": "O-", "quantity": 480647, "color": "rgba(255, 99, 132, 0.2)"}, {"name": "A-", "quantity": 347134, "color": "rgba(255, 99, 132, 0.2)"}, {"name": "B-", "quantity": 400540, "color": "rgba(255, 99, 132, 0.2)"}, {"name": "AB-", "quantity": 106811, "color": "rgba(255, 99, 132, 0.2)"}]};
{"chart_type": "pie", "title": "Blood types in Iran", "data": [{"name": "O+", "quantity": 28449310, "color": "rgba(255, 99, 132, 0.2)"}, {"name": "A+", "quantity": 22929295, "color": "rgba(255, 99, 132, 0.2)"}, {"name": "B+", "quantity": 18852976, "color": "rgba(255, 99, 132, 0.2)"}, {"name": "AB+", "quantity": 5944632, "color": "rgba(255, 99, 132, 0.2)"}, {"name": "O-", "quantity": 3396933, "color": "rgba(255, 99, 132, 0.2)"}, {"name": "A-", "quantity": 2547699, "color": "rgba(255, 99, 132, 0.2)"}, {"name": "B-", "quantity": 2123083, "color": "rgba(255, 99, 132, 0.2)"}, {"name": "AB-", "quantity": 679387, "color": "rgba(255, 99, 132, 0.2)"}]};
{"chart_type": "pie", "title": "Blood types in Iraq", "data": [{"name": "O+", "quantity": 9912527, "color": "rgba(255, 99, 132, 0.2)"}, {"name": "A+", "quantity": 9718164, "color": "rgba(255, 99, 132, 0.2)"}, {"name": "B+", "quantity": 12672486, "color": "rgba(255, 99, 132, 0.2)"}, {"name": "AB+", "quantity": 2876576, "color": "rgba(255, 99, 132, 0.2)"}, {"name": "O-", "quantity": 1399416, "color": "rgba(255, 99, 132, 0.2)"}, {"name": "A-", "quantity": 1049562, "color": "rgba(255, 99, 132, 0.2)"}, {"name": "B-", "quantity": 1049562, "color": "rgba(255, 99, 132, 0.2)"}, {"name": "AB-", "quantity": 349854, "color": "rgba(255, 99, 132, 0.2)"}]};
{"chart_type": "pie", "title": "Blood types in Ireland", "data": [{"name": "O+", "quantity": 2432987, "color": "rgba(255, 99, 132, 0.2)"}, {"name": "A+", "quantity": 1345908, "color": "rgba(255, 99, 132, 0.2)"}, {"name": "B+", "quantity": 465891, "color": "rgba(255, 99, 132, 0.2)"}, {"name": "AB+", "quantity": 103531, "color": "rgba(255, 99, 132, 0.2)"}, {"name": "O-", "quantity": 414126, "color": "rgba(255, 99, 132, 0.2)"}, {"name": "A-", "quantity": 258828, "color": "rgba(255, 99, 132, 0.2)"}, {"name": "B-", "quantity": 103531, "color": "rgba(255, 99, 132, 0.2)"}, {"name": "AB-", "quantity": 51766, "color": "rgba(255, 99, 132, 0.2)"}]};
{"chart_type": "pie", "title": "Blood types in Israel", "data": [{"name": "O+", "quantity": 2776152, "color": "rgba(255, 99, 132, 0.2)"}, {"name": "A+", "quantity": 2949662, "color": "rgba(255, 99, 132, 0.2)"}, {"name": "B+", "quantity": 1474831, "color": "rgba(255, 99, 132, 0.2)"}, {"name": "AB+", "quantity": 607283, "color": "rgba(255, 99, 132, 0.2)"}, {"name": "O-", "quantity": 260264, "color": "rgba(255, 99, 132, 0.2)"}, {"name": "A-", "quantity": 347019, "color": "rgba(255, 99, 132, 0.2)"}, {"name": "B-", "quantity": 173510, "color": "rgba(255, 99, 132, 0.2)"}, {"name": "AB-", "quantity": 86755, "color": "rgba(255, 99, 132, 0.2)"}]};
{"chart_type": "pie", "title": "Blood types in Italy", "data": [{"name": "O+", "quantity": 24337037, "color": "rgba(255, 99, 132, 0.2)"}, {"name": "A+", "quantity": 22464957, "color": "rgba(255, 99, 132, 0.2)"}, {"name": "B+", "quantity": 4680199, "color": "rgba(255, 99, 132, 0.2)"}, {"name": "AB+", "quantity": 1560066, "color": "rgba(255, 99, 132, 0.2)"}, {"name": "O-", "quantity": 4368186, "color": "rgba(255, 99, 132, 0.2)"}, {"name": "A-", "quantity": 3744160, "color": "rgba(255, 99, 132, 0.2)"}, {"name": "B-", "quantity": 936040, "color": "rgba(255, 99, 132, 0.2)"}, {"name": "AB-", "quantity": 312013, "color": "rgba(255, 99, 132, 0.2)"}]};
{"chart_type": "pie", "title": "Blood types in Ivory Coast", "data": [{"name": "O+", "quantity": 13268986, "color": "rgba(255, 99, 132, 0.2)"}, {"name": "A+", "quantity": 5671059, "color": "rgba(255, 99, 132, 0.2)"}, {"name": "B+", "quantity": 6095195, "color": "rgba(255, 99, 132, 0.2)"}, {"name": "AB+", "quantity": 1072979, "color": "rgba(255, 99, 132, 0.2)"}, {"name": "O-", "quantity": 1047699, "color": "rgba(255, 99, 132, 0.2)"}, {"name": "A-", "quantity": 432562, "color": "rgba(255, 99, 132, 0.2)"}, {"name": "B-", "quantity": 415709, "color": "rgba(255, 99, 132, 0.2)"}, {"name": "AB-", "quantity": 84265, "color": "rgba(255, 99, 132, 0.2)"}]};
{"chart_type": "pie", "title": "Blood types in Jamaica", "data": [{"name": "O+", "quantity": 1320028, "color": "rgba(255, 99, 132, 0.2)"}, {"name": "A+", "quantity": 645971, "color": "rgba(255, 99, 132, 0.2)"}, {"name": "B+", "quantity": 561714, "color": "rgba(255, 99, 132, 0.2)"}, {"name": "AB+", "quantity": 84257, "color": "rgba(255, 99, 132, 0.2)"}, {"name": "O-", "quantity": 98300, "color": "rgba(255, 99, 132, 0.2)"}, {"name": "A-", "quantity": 56171, "color": "rgba(255, 99, 132, 0.2)"}, {"name": "B-", "quantity": 28086, "color": "rgba(255, 99, 132, 0.2)"}, {"name": "AB-", "quantity": 14043, "color": "rgba(255, 99, 132, 0.2)"}]};
{"chart_type": "pie", "title": "Blood types in Japan", "data": [{"name": "O+", "quantity": 37526734, "color": "rgba(255, 99, 132, 0.2)"}, {"name": "A+", "quantity": 49951974, "color": "rgba(255, 99, 132, 0.2)"}, {"name": "B+", "quantity": 24975987, "color": "rgba(255, 99, 132, 0.2)"}, {"name": "AB+", "quantity": 12425240, "color": "rgba(255, 99, 132, 0.2)"}, {"name": "O-", "quantity": 188261, "color": "rgba(255, 99, 132, 0.2)"}, {"name": "A-", "quantity": 251015, "color": "rgba(255, 99, 132, 0.2)"}, {"name": "B-", "quantity": 125507, "color": "rgba(255, 99, 132, 0.2)"}, {"name": "AB-", "quantity": 62754, "color": "rgba(255, 99, 132, 0.2)"}]};
{"chart_type": "pie", "title": "Blood types in Jordan", "data": [{"name": "O+", "quantity": 3603430, "color": "rgba(255, 99, 132, 0.2)"}, {"name": "A+", "quantity": 3584884, "color": "rgba(255, 99, 132, 0.2)"}, {"name": "B+", "quantity": 1806624, "color": "rgba(255, 99, 132, 0.2)"}, {"name": "AB+", "quantity": 685121, "color": "rgba(255, 99, 132, 0.2)"}, {"name": "O-", "quantity": 480021, "color": "rgba(255, 99, 132, 0.2)"}, {"name": "A-", "quantity": 433110, "color": "rgba(255, 99, 132, 0.2)"}, {"name": "B-", "quantity": 224737, "color": "rgba(255, 99, 132, 0.2)"}, {"name": "AB-", "quantity": 91640, "color": "rgba(255, 99, 132, 0.2)"}]};
{"chart_type": "pie", "title": "Blood types in Kazakhstan", "data": [{"name": "O+", "quantity": 5861228, "color": "rgba(255, 99, 132, 0.2)"}, {"name": "A+", "quantity": 5689401, "color": "rgba(255, 99, 132, 0.2)"}, {"name": "B+", "quantity": 4620252, "color": "rgba(255, 99, 132, 0.2)"}, {"name": "AB+", "quantity": 1584632, "color": "rgba(255, 99, 132, 0.2)"}, {"name": "O-", "quantity": 439115, "color": "rgba(255, 99, 132, 0.2)"}, {"name": "A-", "quantity": 420023, "color": "rgba(255, 99, 132, 0.2)"}, {"name": "B-", "quantity": 343655, "color": "rgba(255, 99, 132, 0.2)"}, {"name": "AB-", "quantity": 133644, "color": "rgba(255, 99, 132, 0.2)"}]};
{"chart_type": "pie", "title": "Blood types in Kenya", "data": [{"name": "O+", "quantity": 24408739, "color": "rgba(255, 99, 132, 0.2)"}, {"name": "A+", "quantity": 13489040, "color": "rgba(255, 99, 132, 0.2)"}, {"name": "B+", "quantity": 11390745, "color": "rgba(255, 99, 132, 0.2)"}, {"name": "AB+", "quantity": 2248173, "color": "rgba(255, 99, 132, 0.2)"}, {"name": "O-", "quantity": 963503, "color": "rgba(255, 99, 132, 0.2)"}, {"name": "A-", "quantity": 535279, "color": "rgba(255, 99, 132, 0.2)"}, {"name": "B-", "quantity": 481751, "color": "rgba(255, 99, 132, 0.2)"}, {"name": "AB-", "quantity": 10706, "color": "rgba(255, 99, 132, 0.2)"}]};
{"chart_type": "pie", "title": "Blood types in Laos", "data": [{"name": "O+", "quantity": 2841898, "color": "rgba(255, 99, 132, 0.2)"}, {"name": "A+", "quantity": 1494420, "color": "rgba(255, 99, 132, 0.2)"}, {"name": "B+", "quantity": 2678292, "color": "rgba(255, 99, 132, 0.2)"}, {"name": "AB+", "quantity": 518843, "color": "rgba(255, 99, 132, 0.2)"}, {"name": "O-", "quantity": 15149, "color": "rgba(255, 99, 132, 0.2)"}, {"name": "A-", "quantity": 7574, "color": "rgba(255, 99, 132, 0.2)"}, {"name": "B-", "quantity": 15149, "color": "rgba(255, 99, 132, 0.2)"}, {"name": "AB-", "quantity": 3787, "color": "rgba(255, 99, 132, 0.2)"}]};
{"chart_type": "pie", "title": "Blood types in Latvia", "data": [{"name": "O+", "quantity": 575657, "color": "rgba(255, 99, 132, 0.2)"}, {"name": "A+", "quantity": 583182, "color": "rgba(255, 99, 132, 0.2)"}, {"name": "B+", "quantity": 319809, "color": "rgba(255, 99, 132, 0.2)"}, {"name": "AB+", "quantity": 112874, "color": "rgba(255, 99, 132, 0.2)"}, {"name": "O-", "quantity": 101587, "color": "rgba(255, 99, 132, 0.2)"}, {"name": "A-", "quantity": 112874, "color": "rgba(255, 99, 132, 0.2)"}, {"name": "B-", "quantity": 56437, "color": "rgba(255, 99, 132, 0.2)"}, {"name": "AB-", "quantity": 18812, "color": "rgba(255, 99, 132, 0.2)"}]};
{"chart_type": "pie", "title": "Blood types in Lebanon", "data": [{"name": "O+", "quantity": 2100331, "color": "rgba(255, 99, 132, 0.2)"}, {"name": "A+", "quantity": 1766685, "color": "rgba(255, 99, 132, 0.2)"}, {"name": "B+", "quantity": 519613, "color": "rgba(255, 99, 132, 0.2)"}, {"name": "AB+", "quantity": 175028, "color": "rgba(255, 99, 132, 0.2)"}, {"name": "O-", "quantity": 421160, "color": "rgba(255, 99, 132, 0.2)"}, {"name": "A-", "quantity": 355525, "color": "rgba(255, 99, 132, 0.2)"}, {"name": "B-", "quantity": 92983, "color": "rgba(255, 99, 132, 0.2)"}, {"name": "AB-", "quantity": 38287, "color": "rgba(255, 99, 132, 0.2)"}]};
{"chart_type": "line", "title": "Blood types in Libya", "data": [{"name": "O+", "quantity": 2938124, "color": "rgba(255, 99, 132, 0.2)"}, {"name": "A+", "quantity": 1988608, "color": "rgba(255, 99, 132, 0.2)"}, {"name": "B+", "quantity": 771051, "color": "rgba(255, 99, 132, 0.2)"}, {"name": "AB+", "quantity": 310074, "color": "rgba(255, 99, 132, 0.2)"}, {"name": "O-", "quantity": 431347, "color": "rgba(255, 99, 132, 0.2)"}, {"name": "A-", "quantity": 292159, "color": "rgba(255, 99, 132, 0.2)"}, {"name": "B-", "quantity": 113005, "color": "rgba(255, 99, 132, 0.2)"}, {"name": "AB-", "quantity": 46167, "color": "rgba(255, 99, 132, 0.2)"}]};
{"chart_type": "line", "title": "Blood types in Liechtenstein", "data": [{"name": "O+", "quantity": 13307, "color": "rgba(255, 99, 132, 0.2)"}, {"name": "A+", "quantity": 14481, "color": "rgba(255, 99, 132, 0.2)"}, {"name": "B+", "quantity": 3914, "color": "rgba(255, 99, 132, 0.2)"}, {"name": "AB+", "quantity": 1565, "color": "rgba(255, 99, 132, 0.2)"}, {"name": "O-", "quantity": 2348, "color": "rgba(255, 99, 132, 0.2)"}, {"name": "A-", "quantity": 2544, "color": "rgba(255, 99, 132, 0.2)"}, {"name": "B-", "quantity": 704, "color": "rgba(255, 99, 132, 0.2)"}, {"name": "AB-", "quantity": 274, "color": "rgba(255, 99, 132, 0.2)"}]};
{"chart_type": "line", "title": "Blood types in Lithuania", "data": [{"name": "O+", "quantity": 983327, "color": "rgba(255, 99, 132, 0.2)"}, {"name": "A+", "quantity": 901383, "color": "rgba(255, 99, 132, 0.2)"}, {"name": "B+", "quantity": 300461, "color": "rgba(255, 99, 132, 0.2)"}, {"name": "AB+", "quantity": 109259, "color": "rgba(255, 99, 132, 0.2)"}, {"name": "O-", "quantity": 191202, "color": "rgba(255, 99, 132, 0.2)"}, {"name": "A-", "quantity": 163888, "color": "rgba(255, 99, 132, 0.2)"}, {"name": "B-", "quantity": 54629, "color": "rgba(255, 99, 132, 0.2)"}, {"name": "AB-", "quantity": 27315, "color": "rgba(255, 99, 132, 0.2)"}]};
{"chart_type": "line", "title": "Blood types in Luxemburg", "data": [{"name": "O+", "quantity": 219933, "color": "rgba(255, 99, 132, 0.2)"}, {"name": "A+", "quantity": 232501, "color": "rgba(255, 99, 132, 0.2)"}, {"name": "B+", "quantity": 56554, "color": "rgba(255, 99, 132, 0.2)"}, {"name": "AB+", "quantity": 25135, "color": "rgba(255, 99, 132, 0.2)"}, {"name": "O-", "quantity": 37703, "color": "rgba(255, 99, 132, 0.2)"}, {"name": "A-", "quantity": 37703, "color": "rgba(255, 99, 132, 0.2)"}, {"name": "B-", "quantity": 12568, "color": "rgba(255, 99, 132, 0.2)"}, {"name": "AB-", "quantity": 6284, "color": "rgba(255, 99, 132, 0.2)"}]};
{"chart_type": "line", "title": "Blood types in Macao", "data": [{"name": "O+", "quantity": 255000, "color": "rgba(255, 99, 132, 0.2)"}, {"name": "A+", "quantity": 160374, "color": "rgba(255, 99, 132, 0.2)"}, {"name": "B+", "quantity": 156072, "color": "rgba(255, 99, 132, 0.2)"}, {"name": "AB+", "quantity": 38711, "color": "rgba(255, 99, 132, 0.2)"}, {"name": "O-", "quantity": 2028, "color": "rgba(255, 99, 132, 0.2)"}, {"name": "A-", "quantity": 1045, "color": "rgba(255, 99, 132, 0.2)"}, {"name": "B-", "quantity": 922, "color": "rgba(255, 99, 132, 0.2)"}, {"name": "AB-", "quantity": 307, "color": "rgba(255, 99, 132, 0.2)"}]};
{"chart_type": "line", "title": "Blood types in Malaysia", "data": [{"name": "O+", "quantity": 11206195, "color": "rgba(255, 99, 132, 0.2)"}, {"name": "A+", "quantity": 9909907, "color": "rgba(255, 99, 132, 0.2)"}, {"name": "B+", "quantity": 8936875, "color": "rgba(255, 99, 132, 0.2)"}, {"name": "AB+", "quantity": 2435845, "color": "rgba(255, 99, 132, 0.2)"}, {"name": "O-", "quantity": 55509, "color": "rgba(255, 99, 132, 0.2)"}, {"name": "A-", "quantity": 48978, "color": "rgba(255, 99, 132, 0.2)"}, {"name": "B-", "quantity": 45713, "color": "rgba(255, 99, 132, 0.2)"}, {"name": "AB-", "quantity": 13061, "color": "rgba(255, 99, 132, 0.2)"}]};
{"chart_type": "line", "title": "Blood types in Malta", "data": [{"name": "O+", "quantity": 173761, "color": "rgba(255, 99, 132, 0.2)"}, {"name": "A+", "quantity": 187479, "color": "rgba(255, 99, 132, 0.2)"}, {"name": "B+", "quantity": 32009, "color": "rgba(255, 99, 132, 0.2)"}, {"name": "AB+", "quantity": 13718, "color": "rgba(255, 99, 132, 0.2)"}, {"name": "O-", "quantity": 22863, "color": "rgba(255, 99, 132, 0.2)"}, {"name": "A-", "quantity": 20577, "color": "rgba(255, 99, 132, 0.2)"}, {"name": "B-", "quantity": 4573, "color": "rgba(255, 99, 132, 0.2)"}, {"name": "AB-", "quantity": 2286, "color": "rgba(255, 99, 132, 0.2)"}]};
{"chart_type": "line", "title": "Blood types in Mauritania", "data": [{"name": "O+", "quantity": 1854535, "color": "rgba(255, 99, 132, 0.2)"}, {"name": "A+", "quantity": 1068661, "color": "rgba(255, 99, 132, 0.2)"}, {"name": "B+", "quantity": 699756, "color": "rgba(255, 99, 132, 0.2)"}, {"name": "AB+", "quantity": 154211, "color": "rgba(255, 99, 132, 0.2)"}, {"name": "O-", "quantity": 112153, "color": "rgba(255, 99, 132, 0.2)"}, {"name": "A-", "quantity": 64088, "color": "rgba(255, 99, 132, 0.2)"}, {"name": "B-", "quantity": 44060, "color": "rgba(255, 99, 132, 0.2)"}, {"name": "AB-", "quantity": 8011, "color": "rgba(255, 99, 132, 0.2)"}]};
{"chart_type": "line", "title": "Blood types in Mauritius", "data": [{"name": "O+", "quantity": 528297, "color": "rgba(255, 99, 132, 0.2)"}, {"name": "A+", "quantity": 358635, "color": "rgba(255, 99, 132, 0.2)"}, {"name": "B+", "quantity": 344841, "color": "rgba(255, 99, 132, 0.2)"}, {"name": "AB+", "quantity": 92417, "color": "rgba(255, 99, 132, 0.2)"}, {"name": "O-", "quantity": 23449, "color": "rgba(255, 99, 132, 0.2)"}, {"name": "A-", "quantity": 13794, "color": "rgba(255, 99, 132, 0.2)"}, {"name": "B-", "quantity": 13794, "color": "rgba(255, 99, 132, 0.2)"}, {"name": "AB-", "quantity": 4138, "color": "rgba(255, 99, 132, 0.2)"}]};
{"chart_type": "line", "title": "Blood types in Mexico", "data": [{"name": "O+", "quantity": 76019028, "color": "rgba(255, 99, 132, 0.2)"}, {"name": "A+", "quantity": 33744781, "color": "rgba(255, 99, 132, 0.2)"}, {"name": "B+", "quantity": 10973808, "color": "rgba(255, 99, 132, 0.2)"}, {"name": "AB+", "quantity": 2225637, "color": "rgba(255, 99, 132, 0.2)"}, {"name": "O-", "quantity": 3512133, "color": "rgba(255, 99, 132, 0.2)"}, {"name": "A-", "quantity": 1556660, "color": "rgba(255, 99, 132, 0.2)"}, {"name": "B-", "quantity": 514598, "color": "rgba(255, 99, 132, 0.2)"}, {"name": "AB-", "quantity": 102920, "color": "rgba(255, 99, 132, 0.2)"}]};
{"chart_type": "line", "title": "Blood types in Moldova", "data": [{"name": "O+", "quantity": 958881, "color": "rgba(255, 99, 132, 0.2)"}, {"name": "A+", "quantity": 1069910, "color": "rgba(255, 99, 132, 0.2)"}, {"name": "B+", "quantity": 592151, "color": "rgba(255, 99, 132, 0.2)"}, {"name": "AB+", "quantity": 235515, "color": "rgba(255, 99, 132, 0.2)"}, {"name": "O-", "quantity": 168225, "color": "rgba(255, 99, 132, 0.2)"}, {"name": "A-", "quantity": 201870, "color": "rgba(255, 99, 132, 0.2)"}, {"name": "B-", "quantity": 100935, "color": "rgba(255, 99, 132, 0.2)"}, {"name": "AB-", "quantity": 37009, "color": "rgba(255, 99, 132, 0.2)"}]};
{"chart_type": "line", "title": "Blood types in Mongolia", "data": [{"name": "O+", "quantity": 1229982, "color": "rgba(255, 99, 132, 0.2)"}, {"name": "A+", "quantity": 732231, "color": "rgba(255, 99, 132, 0.2)"}, {"name": "B+", "quantity": 957435, "color": "rgba(255, 99, 132, 0.2)"}, {"name": "AB+", "quantity": 250475, "color": "rgba(255, 99, 132, 0.2)"}, {"name": "O-", "quantity": 11196, "color": "rgba(255, 99, 132, 0.2)"}, {"name": "A-", "quantity": 6718, "color": "rgba(255, 99, 132, 0.2)"}, {"name": "B-", "quantity": 8637, "color": "rgba(255, 99, 132, 0.2)"}, {"name": "AB-", "quantity": 2239, "color": "rgba(255, 99, 132, 0.2)"}]};
{"chart_type": "line", "title": "Blood types in Morocco", "data": [{"name": "O+", "quantity": 15042580, "color": "rgba(255, 99, 132, 0.2)"}, {"name": "A+", "quantity": 14509155, "color": "rgba(255, 99, 132, 0.2)"}, {"name": "B+", "quantity": 4978632, "color": "rgba(255, 99, 132, 0.2)"}, {"name": "AB+", "quantity": 1422466, "color": "rgba(255, 99, 132, 0.2)"}, {"name": "O-", "quantity": 1600274, "color": "rgba(255, 99, 132, 0.2)"}, {"name": "A-", "quantity": 1102411, "color": "rgba(255, 99, 132, 0.2)"}, {"name": "B-", "quantity": 533425, "color": "rgba(255, 99, 132, 0.2)"}, {"name": "AB-", "quantity": 142247, "color": "rgba(255, 99, 132, 0.2)"}]};
{"chart_type": "line", "title": "Blood types in Myanmar", "data": [{"name": "O+", "quantity": 20202655, "color": "rgba(255, 99, 132, 0.2)"}, {"name": "A+", "quantity": 13468437, "color": "rgba(255, 99, 132, 0.2)"}, {"name": "B+", "quantity": 18504953, "color": "rgba(255, 99, 132, 0.2)"}, {"name": "AB+", "quantity": 3933010, "color": "rgba(255, 99, 132, 0.2)"}, {"name": "O-", "quantity": 169770, "color": "rgba(255, 99, 132, 0.2)"}, {"name": "A-", "quantity": 113180, "color": "rgba(255, 99, 132, 0.2)"}, {"name": "B-", "quantity": 169770, "color": "rgba(255, 99, 132, 0.2)"}, {"name": "AB-", "quantity": 28295, "color": "rgba(255, 99, 132, 0.2)"}]};
{"chart_type": "line", "title": "Blood types in Namibia", "data": [{"name": "O+", "quantity": 1354629, "color": "rgba(255, 99, 132, 0.2)"}, {"name": "A+", "quantity": 548761, "color": "rgba(255, 99, 132, 0.2)"}, {"name": "B+", "quantity": 541262, "color": "rgba(255, 99, 132, 0.2)"}, {"name": "AB+", "quantity": 27318, "color": "rgba(255, 99, 132, 0.2)"}, {"name": "O-", "quantity": 113020, "color": "rgba(255, 99, 132, 0.2)"}, {"name": "A-", "quantity": 45797, "color": "rgba(255, 99, 132, 0.2)"}, {"name": "B-", "quantity": 45261, "color": "rgba(255, 99, 132, 0.2)"}, {"name": "AB-", "quantity": 2143, "color": "rgba(255, 99, 132, 0.2)"}]};
{"chart_type": "line", "title": "Blood types in Nepal", "data": [{"name": "O+", "quantity": 10675413, "color": "rgba(255, 99, 132, 0.2)"}, {"name": "A+", "quantity": 11009019, "color": "rgba(255, 99, 132, 0.2)"}, {"name": "B+", "quantity": 8218855, "color": "rgba(255, 99, 132, 0.2)"}, {"name": "AB+", "quantity": 788525, "color": "rgba(255, 99, 132, 0.2)"}, {"name": "O-", "quantity": 90984, "color": "rgba(255, 99, 132, 0.2)"}, {"name": "A-", "quantity": 60656, "color": "rgba(255, 99, 132, 0.2)"}, {"name": "B-", "quantity": 60656, "color": "rgba(255, 99, 132, 0.2)"}, {"name": "AB-", "quantity": 30328, "color": "rgba(255, 99, 132, 0.2)"}]};
{"chart_type": "line", "title": "Blood types in Netherlands", "data": [{"name": "O+", "quantity": 6601112, "color": "rgba(255, 99, 132, 0.2)"}, {"name": "A+", "quantity": 6324625, "color": "rgba(255, 99, 132, 0.2)"}, {"name": "B+", "quantity": 1330591, "color": "rgba(255, 99, 132, 0.2)"}, {"name": "AB+", "quantity": 432010, "color": "rgba(255, 99, 132, 0.2)"}, {"name": "O-", "quantity": 1175067, "color": "rgba(255, 99, 132, 0.2)"}, {"name": "A-", "quantity": 1105945, "color": "rgba(255, 99, 132, 0.2)"}, {"name": "B-", "quantity": 224645, "color": "rgba(255, 99, 132, 0.2)"}, {"name": "AB-", "quantity": 86402, "color": "rgba(255, 99, 132, 0.2)"}]};
{"chart_type": "line", "title": "Blood types in New Zealand", "data": [{"name": "O+", "quantity": 1871681, "color": "rgba(255, 99, 132, 0.2)"}, {"name": "A+", "quantity": 1576153, "color": "rgba(255, 99, 132, 0.2)"}, {"name": "B+", "quantity": 443293, "color": "rgba(255, 99, 132, 0.2)"}, {"name": "AB+", "quantity": 147764, "color": "rgba(255, 99, 132, 0.2)"}, {"name": "O-", "quantity": 443293, "color": "rgba(255, 99, 132, 0.2)"}, {"name": "A-", "quantity": 295529, "color": "rgba(255, 99, 132, 0.2)"}, {"name": "B-", "quantity": 98510, "color": "rgba(255, 99, 132, 0.2)"}, {"name": "AB-", "quantity": 49255, "color": "rgba(255, 99, 132, 0.2)"}]};
{"chart_type": "line", "title": "Blood types in Nicaragua", "data": [{"name": "O+", "quantity": 3871237, "color": "rgba(255, 99, 132, 0.2)"}, {"name": "A+", "quantity": 1248786, "color": "rgba(255, 99, 132, 0.2)"}, {"name": "B+", "quantity": 686832, "color": "rgba(255, 99, 132, 0.2)"}, {"name": "AB+", "quantity": 249757, "color": "rgba(255, 99, 132, 0.2)"}, {"name": "O-", "quantity": 62439, "color": "rgba(255, 99, 132, 0.2)"}, {"name": "A-", "quantity": 62439, "color": "rgba(255, 99, 132, 0.2)"}, {"name": "B-", "quantity": 43708, "color": "rgba(255, 99, 132, 0.2)"}, {"name": "AB-", "quantity": 18732, "color": "rgba(255, 99, 132, 0.2)"}]};
{"chart_type": "line", "title": "Blood types in Nigeria", "data": [{"name": "O+", "quantity": 110236698, "color": "rgba(255, 99, 132, 0.2)"}, {"name": "A+", "quantity": 47426141, "color": "rgba(255, 99, 132, 0.2)"}, {"name": "B+", "quantity": 42992971, "color": "rgba(255, 99, 132, 0.2)"}, {"name": "AB+", "quantity": 7615396, "color": "rgba(255, 99, 132, 0.2)"}, {"name": "O-", "quantity": 5925524, "color": "rgba(255, 99, 132, 0.2)"}, {"name": "A-", "quantity": 2545781, "color": "rgba(255, 99, 132, 0.2)"}, {"name": "B-", "quantity": 2304371, "color": "rgba(255, 99, 132, 0.2)"}, {"name": "AB-", "quantity": 416981, "color": "rgba(255, 99, 132, 0.2)"}]};
{"chart_type": "line", "title": "Blood types in North Korea", "data": [{"name": "O+", "quantity": 6962201, "color": "rgba(255, 99, 132, 0.2)"}, {"name": "A+", "quantity": 7969989, "color": "rgba(255, 99, 132, 0.2)"}, {"name": "B+", "quantity": 7731505, "color": "rgba(255, 99, 132, 0.2)"}, {"name": "AB+", "quantity": 2902840, "color": "rgba(255, 99, 132, 0.2)"}, {"name": "O-", "quantity": 20515, "color": "rgba(255, 99, 132, 0.2)"}, {"name": "A-", "quantity": 25643, "color": "rgba(255, 99, 132, 0.2)"}, {"name": "B-", "quantity": 25643, "color": "rgba(255, 99, 132, 0.2)"}, {"name": "AB-", "quantity": 7693, "color": "rgba(255, 99, 132, 0.2)"}]};
{"chart_type": "line", "title": "Blood types in North Macedonia", "data": [{"name": "O+", "quantity": 637791, "color": "rgba(255, 99, 132, 0.2)"}, {"name": "A+", "quantity": 722830, "color": "rgba(255, 99, 132, 0.2)"}, {"name": "B+", "quantity": 318896, "color": "rgba(255, 99, 132, 0.2)"}, {"name": "AB+", "quantity": 127558, "color": "rgba(255, 99, 132, 0.2)"}, {"name": "O-", "quantity": 106299, "color": "rgba(255, 99, 132, 0.2)"}, {"name": "A-", "quantity": 127558, "color": "rgba(255, 99, 132, 0.2)"}, {"name": "B-", "quantity": 63779, "color": "rgba(255, 99, 132, 0.2)"}, {"name": "AB-", "quantity": 21260, "color": "rgba(255, 99, 132, 0.2)"}]};
{"chart_type": "line", "title": "Blood types in Norway", "data": [{"name": "O+", "quantity": 1815190, "color": "rgba(255, 99, 132, 0.2)"}, {"name": "A+", "quantity": 2274455, "color": "rgba(255, 99, 132, 0.2)"}, {"name": "B+", "quantity": 371786, "color": "rgba(255, 99, 132, 0.2)"}, {"name": "AB+", "quantity": 185893, "color": "rgba(255, 99, 132, 0.2)"}, {"name": "O-", "quantity": 317111, "color": "rgba(255, 99, 132, 0.2)"}, {"name": "A-", "quantity": 404590, "color": "rgba(255, 99, 132, 0.2)"}, {"name": "B-", "quantity": 65609, "color": "rgba(255, 99, 132, 0.2)"}, {"name": "AB-", "quantity": 32805, "color": "rgba(255, 99, 132, 0.2)"}]};
{"chart_type": "line", "title": "Blood types in Pakistan", "data": [{"name": "O+", "quantity": 71549583, "color": "rgba(255, 99, 132, 0.2)"}, {"name": "A+", "quantity": 51280377, "color": "rgba(255, 99, 132, 0.2)"}, {"name": "B+", "quantity": 72025945, "color": "rgba(255, 99, 132, 0.2)"}, {"name": "AB+", "quantity": 21031385, "color": "rgba(255, 99, 132, 0.2)"}, {"name": "O-", "quantity": 7383612, "color": "rgba(255, 99, 132, 0.2)"}, {"name": "A-", "quantity": 5287619, "color": "rgba(255, 99, 132, 0.2)"}, {"name": "B-", "quantity": 7455066, "color": "rgba(255, 99, 132, 0.2)"}, {"name": "AB-", "quantity": 2167447, "color": "rgba(255, 99, 132, 0.2)"}]};
{"chart_type": "line", "title": "Blood types in Papua New Guinea", "data": [{"name": "O+", "quantity": 3484539, "color": "rgba(255, 99, 132, 0.2)"}, {"name": "A+", "quantity": 2700518, "color": "rgba(255, 99, 132, 0.2)"}, {"name": "B+", "quantity": 696908, "color": "rgba(255, 99, 132, 0.2)"}, {"name": "AB+", "quantity": 203265, "color": "rgba(255, 99, 132, 0.2)"}, {"name": "O-", "quantity": 72595, "color": "rgba(255, 99, 132, 0.2)"}, {"name": "A-", "quantity": 58076, "color": "rgba(255, 99, 132, 0.2)"}, {"name": "B-", "quantity": 29038, "color": "rgba(255, 99, 132, 0.2)"}, {"name": "AB-", "quantity": 14519, "color": "rgba(255, 99, 132, 0.2)"}]};
{"chart_type": "line", "title": "Blood types in Paraguay", "data": [{"name": "O+", "quantity": 4077769, "color": "rgba(255, 99, 132, 0.2)"}, {"name": "A+", "quantity": 2059611, "color": "rgba(255, 99, 132, 0.2)"}, {"name": "B+", "quantity": 343269, "color": "rgba(255, 99, 132, 0.2)"}, {"name": "AB+", "quantity": 100362, "color": "rgba(255, 99, 132, 0.2)"}, {"name": "O-", "quantity": 428358, "color": "rgba(255, 99, 132, 0.2)"}, {"name": "A-", "quantity": 215997, "color": "rgba(255, 99, 132, 0.2)"}, {"name": "B-", "quantity": 35636, "color": "rgba(255, 99, 132, 0.2)"}, {"name": "AB-", "quantity": 10909, "color": "rgba(255, 99, 132, 0.2)"}]};
{"chart_type": "line", "title": "Blood types in Peru", "data": [{"name": "O+", "quantity": 22340492, "color": "rgba(255, 99, 132, 0.2)"}, {"name": "A+", "quantity": 5872358, "color": "rgba(255, 99, 132, 0.2)"}, {"name": "B+", "quantity": 2489369, "color": "rgba(255, 99, 132, 0.2)"}, {"name": "AB+", "quantity": 510640, "color": "rgba(255, 99, 132, 0.2)"}, {"name": "O-", "quantity": 446810, "color": "rgba(255, 99, 132, 0.2)"}, {"name": "A-", "quantity": 159575, "color": "rgba(255, 99, 132, 0.2)"}, {"name": "B-", "quantity": 89362, "color": "rgba(255, 99, 132, 0.2)"}, {"name": "AB-", "quantity": 6383, "color": "rgba(255, 99, 132, 0.2)"}]};
{"chart_type": "line", "title": "Blood types in Philippines", "data": [{"name": "O+", "quantity": 50113994, "color": "rgba(255, 99, 132, 0.2)"}, {"name": "A+", "quantity": 25002407, "color": "rgba(255, 99, 132, 0.2)"}, {"name": "B+", "quantity": 27186023, "color": "rgba(255, 99, 132, 0.2)"}, {"name": "AB+", "quantity": 6518095, "color": "rgba(255, 99, 132, 0.2)"}, {"name": "O-", "quantity": 109181, "color": "rgba(255, 99, 132, 0.2)"}, {"name": "A-", "quantity": 109181, "color": "rgba(255, 99, 132, 0.2)"}, {"name": "B-", "quantity": 109181, "color": "rgba(255, 99, 132, 0.2)"}, {"name": "AB-", "quantity": 32754, "color": "rgba(255, 99, 132, 0.2)"}]};
{"chart_type": "line", "title": "Blood types in Poland", "data": [{"name": "O+", "quantity": 11867521, "color": "rgba(255, 99, 132, 0.2)"}, {"name": "A+", "quantity": 12250344, "color": "rgba(255, 99, 132, 0.2)"}, {"name": "B+", "quantity": 5742349, "color": "rgba(255, 99, 132, 0.2)"}, {"name": "AB+", "quantity": 2679763, "color": "rgba(255, 99, 132, 0.2)"}, {"name": "O-", "quantity": 2296940, "color": "rgba(255, 99, 132, 0.2)"}, {"name": "A-", "quantity": 2296940, "color": "rgba(255, 99, 132, 0.2)"}, {"name": "B-", "quantity": 765646, "color": "rgba(255, 99, 132, 0.2)"}, {"name": "AB-", "quantity": 382823, "color": "rgba(255, 99, 132, 0.2)"}]};
{"chart_type": "line", "title": "Blood types in Portugal", "data": [{"name": "O+", "quantity": 3729568, "color": "rgba(255, 99, 132, 0.2)"}, {"name": "A+", "quantity": 4100464, "color": "rgba(255, 99, 132, 0.2)"}, {"name": "B+", "quantity": 679976, "color": "rgba(255, 99, 132, 0.2)"}, {"name": "AB+", "quantity": 298778, "color": "rgba(255, 99, 132, 0.2)"}, {"name": "O-", "quantity": 628463, "color": "rgba(255, 99, 132, 0.2)"}, {"name": "A-", "quantity": 700582, "color": "rgba(255, 99, 132, 0.2)"}, {"name": "B-", "quantity": 113329, "color": "rgba(255, 99, 132, 0.2)"}, {"name": "AB-", "quantity": 51513, "color": "rgba(255, 99, 132, 0.2)"}]};
{"chart_type": "line", "title": "Blood types in Romania", "data": [{"name": "O+", "quantity": 5944501, "color": "rgba(255, 99, 132, 0.2)"}, {"name": "A+", "quantity": 7855234, "color": "rgba(255, 99, 132, 0.2)"}, {"name": "B+", "quantity": 2972251, "color": "rgba(255, 99, 132, 0.2)"}, {"name": "AB+", "quantity": 1486125, "color": "rgba(255, 99, 132, 0.2)"}, {"name": "O-", "quantity": 1061518, "color": "rgba(255, 99, 132, 0.2)"}, {"name": "A-", "quantity": 1273822, "color": "rgba(255, 99, 132, 0.2)"}, {"name": "B-", "quantity": 424607, "color": "rgba(255, 99, 132, 0.2)"}, {"name": "AB-", "quantity": 212304, "color": "rgba(255, 99, 132, 0.2)"}]};
{"chart_type": "line", "title": "Blood types in Russia", "data": [{"name": "O+", "quantity": 66919925, "color": "rgba(255, 99, 132, 0.2)"}, {"name": "A+", "quantity": 45098210, "color": "rgba(255, 99, 132, 0.2)"}, {"name": "B+", "quantity": 13093029, "color": "rgba(255, 99, 132, 0.2)"}, {"name": "AB+", "quantity": 3055040, "color": "rgba(255, 99, 132, 0.2)"}, {"name": "O-", "quantity": 8728686, "color": "rgba(255, 99, 132, 0.2)"}, {"name": "A-", "quantity": 5819124, "color": "rgba(255, 99, 132, 0.2)"}, {"name": "B-", "quantity": 1454781, "color": "rgba(255, 99, 132, 0.2)"}, {"name": "AB-", "quantity": 1309303, "color": "rgba(255, 99, 132, 0.2)"}]};
{"chart_type": "line", "title": "Blood types in Saudi Arabia", "data": [{"name": "O+", "quantity": 16334932, "color": "rgba(255, 99, 132, 0.2)"}, {"name": "A+", "quantity": 8167466, "color": "rgba(255, 99, 132, 0.2)"}, {"name": "B+", "quantity": 5809495, "color": "rgba(255, 99, 132, 0.2)"}, {"name": "AB+", "quantity": 1366940, "color": "rgba(255, 99, 132, 0.2)"}, {"name": "O-", "quantity": 1366940, "color": "rgba(255, 99, 132, 0.2)"}, {"name": "A-", "quantity": 683470, "color": "rgba(255, 99, 132, 0.2)"}, {"name": "B-", "quantity": 341735, "color": "rgba(255, 99, 132, 0.2)"}, {"name": "AB-", "quantity": 102520, "color": "rgba(255, 99, 132, 0.2)"}]};
{"chart_type": "line", "title": "Blood types in Serbia", "data": [{"name": "O+", "quantity": 2238283, "color": "rgba(255, 99, 132, 0.2)"}, {"name": "A+", "quantity": 2473892, "color": "rgba(255, 99, 132, 0.2)"}, {"name": "B+", "quantity": 883533, "color": "rgba(255, 99, 132, 0.2)"}, {"name": "AB+", "quantity": 294511, "color": "rgba(255, 99, 132, 0.2)"}, {"name": "O-", "quantity": 426340, "color": "rgba(255, 99, 132, 0.2)"}, {"name": "A-", "quantity": 471217, "color": "rgba(255, 99, 132, 0.2)"}, {"name": "B-", "quantity": 168292, "color": "rgba(255, 99, 132, 0.2)"}, {"name": "AB-", "quantity": 56097, "color": "rgba(255, 99, 132, 0.2)"}]};
{"chart_type": "line", "title": "Blood types in Singapore", "data": [{"name": "O+", "quantity": 2775718, "color": "rgba(255, 99, 132, 0.2)"}, {"name": "A+", "quantity": 1484109, "color": "rgba(255, 99, 132, 0.2)"}, {"name": "B+", "quantity": 1521367, "color": "rgba(255, 99, 132, 0.2)"}, {"name": "AB+", "quantity": 347741, "color": "rgba(255, 99, 132, 0.2)"}, {"name": "O-", "quantity": 37258, "color": "rgba(255, 99, 132, 0.2)"}, {"name": "A-", "quantity": 18629, "color": "rgba(255, 99, 132, 0.2)"}, {"name": "B-", "quantity": 18629, "color": "rgba(255, 99, 132, 0.2)"}, {"name": "AB-", "quantity": 6210, "color": "rgba(255, 99, 132, 0.2)"}]};
{"chart_type": "line", "title": "Blood types in Slovakia", "data": [{"name": "O+", "quantity": 1479844, "color": "rgba(255, 99, 132, 0.2)"}, {"name": "A+", "quantity": 1942295, "color": "rgba(255, 99, 132, 0.2)"}, {"name": "B+", "quantity": 832412, "color": "rgba(255, 99, 132, 0.2)"}, {"name": "AB+", "quantity": 369961, "color": "rgba(255, 99, 132, 0.2)"}, {"name": "O-", "quantity": 261149, "color": "rgba(255, 99, 132, 0.2)"}, {"name": "A-", "quantity": 342758, "color": "rgba(255, 99, 132, 0.2)"}, {"name": "B-", "quantity": 146896, "color": "rgba(255, 99, 132, 0.2)"}, {"name": "AB-", "quantity": 65287, "color": "rgba(255, 99, 132, 0.2)"}]};
{"chart_type": "line", "title": "Blood types in Slovenia", "data": [{"name": "O+", "quantity": 651830, "color": "rgba(255, 99, 132, 0.2)"}, {"name": "A+", "quantity": 693884, "color": "rgba(255, 99, 132, 0.2)"}, {"name": "B+", "quantity": 252321, "color": "rgba(255, 99, 132, 0.2)"}, {"name": "AB+", "quantity": 126161, "color": "rgba(255, 99, 132, 0.2)"}, {"name": "O-", "quantity": 147187, "color": "rgba(255, 99, 132, 0.2)"}, {"name": "A-", "quantity": 147187, "color": "rgba(255, 99, 132, 0.2)"}, {"name": "B-", "quantity": 63080, "color": "rgba(255, 99, 132, 0.2)"}, {"name": "AB-", "quantity": 21027, "color": "rgba(255, 99, 132, 0.2)"}]};
{"chart_type": "line", "title": "Blood types in Somalia", "data": [{"name": "O+", "quantity": 6385970, "color": "rgba(255, 99, 132, 0.2)"}, {"name": "A+", "quantity": 2341522, "color": "rgba(255, 99, 132, 0.2)"}, {"name": "B+", "quantity": 1490060, "color": "rgba(255, 99, 132, 0.2)"}, {"name": "AB+", "quantity": 425731, "color": "rgba(255, 99, 132, 0.2)"}, {"name": "O-", "quantity": 870814, "color": "rgba(255, 99, 132, 0.2)"}, {"name": "A-", "quantity": 319298, "color": "rgba(255, 99, 132, 0.2)"}, {"name": "B-", "quantity": 203190, "color": "rgba(255, 99, 132, 0.2)"}, {"name": "AB-", "quantity": 58054, "color": "rgba(255, 99, 132, 0.2)"}]};
{"chart_type": "line", "title": "Blood types in South Africa", "data": [{"name": "O+", "quantity": 22020811, "color": "rgba(255, 99, 132, 0.2)"}, {"name": "A+", "quantity": 18068357, "color": "rgba(255, 99, 132, 0.2)"}, {"name": "B+", "quantity": 6775634, "color": "rgba(255, 99, 132, 0.2)"}, {"name": "AB+", "quantity": 1693909, "color": "rgba(255, 99, 132, 0.2)"}, {"name": "O-", "quantity": 3387817, "color": "rgba(255, 99, 132, 0.2)"}, {"name": "A-", "quantity": 2823181, "color": "rgba(255, 99, 132, 0.2)"}, {"name": "B-", "quantity": 1129272, "color": "rgba(255, 99, 132, 0.2)"}, {"name": "AB-", "quantity": 564636, "color": "rgba(255, 99, 132, 0.2)"}]};
{"chart_type": "line", "title": "Blood types in South Korea", "data": [{"name": "O+", "quantity": 13891809, "color": "rgba(255, 99, 132, 0.2)"}, {"name": "A+", "quantity": 17831278, "color": "rgba(255, 99, 132, 0.2)"}, {"name": "B+", "quantity": 13995480, "color": "rgba(255, 99, 132, 0.2)"}, {"name": "AB+", "quantity": 7464256, "color": "rgba(255, 99, 132, 0.2)"}, {"name": "O-", "quantity": 51835, "color": "rgba(255, 99, 132, 0.2)"}, {"name": "A-", "quantity": 51835, "color": "rgba(255, 99, 132, 0.2)"}, {"name": "B-", "quantity": 51835, "color": "rgba(255, 99, 132, 0.2)"}, {"name": "AB-", "quantity": 51835, "color": "rgba(255, 99, 132, 0.2)"}]};
{"chart_type": "line", "title": "Blood types in Sri Lanka", "data": [{"name": "O+", "quantity": 10005758, "color": "rgba(255, 99, 132, 0.2)"}, {"name": "A+", "quantity": 4839266, "color": "rgba(255, 99, 132, 0.2)"}, {"name": "B+", "quantity": 5940775, "color": "rgba(255, 99, 132, 0.2)"}, {"name": "AB+", "quantity": 1182164, "color": "rgba(255, 99, 132, 0.2)"}, {"name": "O-", "quantity": 488535, "color": "rgba(255, 99, 132, 0.2)"}, {"name": "A-", "quantity": 239659, "color": "rgba(255, 99, 132, 0.2)"}, {"name": "B-", "quantity": 288052, "color": "rgba(255, 99, 132, 0.2)"}, {"name": "AB-", "quantity": 59915, "color": "rgba(255, 99, 132, 0.2)"}]};
{"chart_type": "line", "title": "Blood types in Spain", "data": [{"name": "O+", "quantity": 17505527, "color": "rgba(255, 99, 132, 0.2)"}, {"name": "A+", "quantity": 18005685, "color": "rgba(255, 99, 132, 0.2)"}, {"name": "B+", "quantity": 4001263, "color": "rgba(255, 99, 132, 0.2)"}, {"name": "AB+", "quantity": 1250395, "color": "rgba(255, 99, 132, 0.2)"}, {"name": "O-", "quantity": 4501421, "color": "rgba(255, 99, 132, 0.2)"}, {"name": "A-", "quantity": 3501105, "color": "rgba(255, 99, 132, 0.2)"}, {"name": "B-", "quantity": 1000316, "color": "rgba(255, 99, 132, 0.2)"}, {"name": "AB-", "quantity": 250079, "color": "rgba(255, 99, 132, 0.2)"}]};
{"chart_type": "line", "title": "Blood types in Sudan", "data": [{"name": "O+", "quantity": 21869547, "color": "rgba(255, 99, 132, 0.2)"}, {"name": "A+", "quantity": 12620551, "color": "rgba(255, 99, 132, 0.2)"}, {"name": "B+", "quantity": 6925357, "color": "rgba(255, 99, 132, 0.2)"}, {"name": "AB+", "quantity": 1275724, "color": "rgba(255, 99, 132, 0.2)"}, {"name": "O-", "quantity": 1594654, "color": "rgba(255, 99, 132, 0.2)"}, {"name": "A-", "quantity": 820108, "color": "rgba(255, 99, 132, 0.2)"}, {"name": "B-", "quantity": 364492, "color": "rgba(255, 99, 132, 0.2)"}, {"name": "AB-", "quantity": 91123, "color": "rgba(255, 99, 132, 0.2)"}]};
{"chart_type": "line", "title": "Blood types in Sweden", "data": [{"name": "O+", "quantity": 3264797, "color": "rgba(255, 99, 132, 0.2)"}, {"name": "A+", "quantity": 3774922, "color": "rgba(255, 99, 132, 0.2)"}, {"name": "B+", "quantity": 1020249, "color": "rgba(255, 99, 132, 0.2)"}, {"name": "AB+", "quantity": 510125, "color": "rgba(255, 99, 132, 0.2)"}, {"name": "O-", "quantity": 612149, "color": "rgba(255, 99, 132, 0.2)"}, {"name": "A-", "quantity": 714174, "color": "rgba(255, 99, 132, 0.2)"}, {"name": "B-", "quantity": 204050, "color": "rgba(255, 99, 132, 0.2)"}, {"name": "AB-", "quantity": 102025, "color": "rgba(255, 99, 132, 0.2)"}]};
{"chart_type": "line", "title": "Blood types in Switzerland", "data": [{"name": "O+", "quantity": 2941398, "color": "rgba(255, 99, 132, 0.2)"}, {"name": "A+", "quantity": 3193518, "color": "rgba(255, 99, 132, 0.2)"}, {"name": "B+", "quantity": 672320, "color": "rgba(255, 99, 132, 0.2)"}, {"name": "AB+", "quantity": 336160, "color": "rgba(255, 99, 132, 0.2)"}, {"name": "O-", "quantity": 504240, "color": "rgba(255, 99, 132, 0.2)"}, {"name": "A-", "quantity": 588280, "color": "rgba(255, 99, 132, 0.2)"}, {"name": "B-", "quantity": 84040, "color": "rgba(255, 99, 132, 0.2)"}, {"name": "AB-", "quantity": 84040, "color": "rgba(255, 99, 132, 0.2)"}]};
{"chart_type": "line", "title": "Blood types in Syria", "data": [{"name": "O+", "quantity": 8341333, "color": "rgba(255, 99, 132, 0.2)"}, {"name": "A+", "quantity": 5819534, "color": "rgba(255, 99, 132, 0.2)"}, {"name": "B+", "quantity": 2715783, "color": "rgba(255, 99, 132, 0.2)"}, {"name": "AB+", "quantity": 717743, "color": "rgba(255, 99, 132, 0.2)"}, {"name": "O-", "quantity": 969922, "color": "rgba(255, 99, 132, 0.2)"}, {"name": "A-", "quantity": 581953, "color": "rgba(255, 99, 132, 0.2)"}, {"name": "B-", "quantity": 193984, "color": "rgba(255, 99, 132, 0.2)"}, {"name": "AB-", "quantity": 58195, "color": "rgba(255, 99, 132, 0.2)"}]};
{"chart_type": "line", "title": "Blood types in Taiwan", "data": [{"name": "O+", "quantity": 10361739, "color": "rgba(255, 99, 132, 0.2)"}, {"name": "A+", "quantity": 6113190, "color": "rgba(255, 99, 132, 0.2)"}, {"name": "B+", "quantity": 5641129, "color": "rgba(255, 99, 132, 0.2)"}, {"name": "AB+", "quantity": 1416183, "color": "rgba(255, 99, 132, 0.2)"}, {"name": "O-", "quantity": 40125, "color": "rgba(255, 99, 132, 0.2)"}, {"name": "A-", "quantity": 23603, "color": "rgba(255, 99, 132, 0.2)"}, {"name": "B-", "quantity": 2360, "color": "rgba(255, 99, 132, 0.2)"}, {"name": "AB-", "quantity": 4721, "color": "rgba(255, 99, 132, 0.2)"}]};
{"chart_type": "line", "title": "Blood types in Thailand", "data": [{"name": "O+", "quantity": 28142779, "color": "rgba(255, 99, 132, 0.2)"}, {"name": "A+", "quantity": 11657181, "color": "rgba(255, 99, 132, 0.2)"}, {"name": "B+", "quantity": 25383683, "color": "rgba(255, 99, 132, 0.2)"}, {"name": "AB+", "quantity": 3428177, "color": "rgba(255, 99, 132, 0.2)"}, {"name": "O-", "quantity": 137955, "color": "rgba(255, 99, 132, 0.2)"}, {"name": "A-", "quantity": 68977, "color": "rgba(255, 99, 132, 0.2)"}, {"name": "B-", "quantity": 137955, "color": "rgba(255, 99, 132, 0.2)"}, {"name": "AB-", "quantity": 20693, "color": "rgba(255, 99, 132, 0.2)"}]};
{"chart_type": "line", "title": "Blood types in Tunisia", "data": [{"name": "O+", "quantity": 4944225, "color": "rgba(255, 99, 132, 0.2)"}, {"name": "A+", "quantity": 3331978, "color": "rgba(255, 99, 132, 0.2)"}, {"name": "B+", "quantity": 1934697, "color": "rgba(255, 99, 132, 0.2)"}, {"name": "AB+", "quantity": 537416, "color": "rgba(255, 99, 132, 0.2)"}, {"name": "O-", "quantity": 488989, "color": "rgba(255, 99, 132, 0.2)"}, {"name": "A-", "quantity": 329536, "color": "rgba(255, 99, 132, 0.2)"}, {"name": "B-", "quantity": 191344, "color": "rgba(255, 99, 132, 0.2)"}, {"name": "AB-", "quantity": 53151, "color": "rgba(255, 99, 132, 0.2)"}]};
{"chart_type": "line", "title": "Blood types in Turkey", "data": [{"name": "O+", "quantity": 24441219, "color": "rgba(255, 99, 132, 0.2)"}, {"name": "A+", "quantity": 31002620, "color": "rgba(255, 99, 132, 0.2)"}, {"name": "B+", "quantity": 11646487, "color": "rgba(255, 99, 132, 0.2)"}, {"name": "AB+", "quantity": 5905261, "color": "rgba(255, 99, 132, 0.2)"}, {"name": "O-", "quantity": 3198683, "color": "rgba(255, 99, 132, 0.2)"}, {"name": "A-", "quantity": 3854823, "color": "rgba(255, 99, 132, 0.2)"}, {"name": "B-", "quantity": 1312280, "color": "rgba(255, 99, 132, 0.2)"}, {"name": "AB-", "quantity": 656140, "color": "rgba(255, 99, 132, 0.2)"}]};
{"chart_type": "line", "title": "Blood types in Uganda", "data": [{"name": "O+", "quantity": 22038615, "color": "rgba(255, 99, 132, 0.2)"}, {"name": "A+", "quantity": 10780098, "color": "rgba(255, 99, 132, 0.2)"}, {"name": "B+", "quantity": 9072094, "color": "rgba(255, 99, 132, 0.2)"}, {"name": "AB+", "quantity": 1971806, "color": "rgba(255, 99, 132, 0.2)"}, {"name": "O-", "quantity": 451593, "color": "rgba(255, 99, 132, 0.2)"}, {"name": "A-", "quantity": 219090, "color": "rgba(255, 99, 132, 0.2)"}, {"name": "B-", "quantity": 183320, "color": "rgba(255, 99, 132, 0.2)"}, {"name": "AB-", "quantity": 40241, "color": "rgba(255, 99, 132, 0.2)"}]};
{"chart_type": "line", "title": "Blood types in Ukraine", "data": [{"name": "O+", "quantity": 14055340, "color": "rgba(255, 99, 132, 0.2)"}, {"name": "A+", "quantity": 14933799, "color": "rgba(255, 99, 132, 0.2)"}, {"name": "B+", "quantity": 6588441, "color": "rgba(255, 99, 132, 0.2)"}, {"name": "AB+", "quantity": 2196147, "color": "rgba(255, 99, 132, 0.2)"}, {"name": "O-", "quantity": 2196147, "color": "rgba(255, 99, 132, 0.2)"}, {"name": "A-", "quantity": 2635376, "color": "rgba(255, 99, 132, 0.2)"}, {"name": "B-", "quantity": 878459, "color": "rgba(255, 99, 132, 0.2)"}, {"name": "AB-", "quantity": 439229, "color": "rgba(255, 99, 132, 0.2)"}]};
{"chart_type": "line", "title": "Blood types in United Arab Emirates", "data": [{"name": "O+", "quantity": 4406509, "color": "rgba(255, 99, 132, 0.2)"}, {"name": "A+", "quantity": 2188266, "color": "rgba(255, 99, 132, 0.2)"}, {"name": "B+", "quantity": 2088345, "color": "rgba(255, 99, 132, 0.2)"}, {"name": "AB+", "quantity": 429660, "color": "rgba(255, 99, 132, 0.2)"}, {"name": "O-", "quantity": 429660, "color": "rgba(255, 99, 132, 0.2)"}, {"name": "A-", "quantity": 209834, "color": "rgba(255, 99, 132, 0.2)"}, {"name": "B-", "quantity": 199842, "color": "rgba(255, 99, 132, 0.2)"}, {"name": "AB-", "quantity": 39968, "color": "rgba(255, 99, 132, 0.2)"}]};
{"chart_type": "line", "title": "Blood types in United Kingdom", "data": [{"name": "O+", "quantity": 23016391, "color": "rgba(255, 99, 132, 0.2)"}, {"name": "A+", "quantity": 19728335, "color": "rgba(255, 99, 132, 0.2)"}, {"name": "B+", "quantity": 5918501, "color": "rgba(255, 99, 132, 0.2)"}, {"name": "AB+", "quantity": 1315222, "color": "rgba(255, 99, 132, 0.2)"}, {"name": "O-", "quantity": 8548945, "color": "rgba(255, 99, 132, 0.2)"}, {"name": "A-", "quantity": 5260889, "color": "rgba(255, 99, 132, 0.2)"}, {"name": "B-", "quantity": 1315222, "color": "rgba(255, 99, 132, 0.2)"}, {"name": "AB-", "quantity": 657611, "color": "rgba(255, 99, 132, 0.2)"}]};
{"chart_type": "line", "title": "Blood types in United States", "data": [{"name": "O+", "quantity": 125289401, "color": "rgba(255, 99, 132, 0.2)"}, {"name": "A+", "quantity": 119594428, "color": "rgba(255, 99, 132, 0.2)"}, {"name": "B+", "quantity": 28474864, "color": "rgba(255, 99, 132, 0.2)"}, {"name": "AB+", "quantity": 11389946, "color": "rgba(255, 99, 132, 0.2)"}, {"name": "O-", "quantity": 22109894, "color": "rgba(255, 99, 132, 0.2)"}, {"name": "A-", "quantity": 21104899, "color": "rgba(255, 99, 132, 0.2)"}, {"name": "B-", "quantity": 5024976, "color": "rgba(255, 99, 132, 0.2)"}, {"name": "AB-", "quantity": 2009990, "color": "rgba(255, 99, 132, 0.2)"}]};
{"chart_type": "line", "title": "Blood types in Uzbekistan", "data": [{"name": "O+", "quantity": 9073951, "color": "rgba(255, 99, 132, 0.2)"}, {"name": "A+", "quantity": 9539677, "color": "rgba(255, 99, 132, 0.2)"}, {"name": "B+", "quantity": 7704530, "color": "rgba(255, 99, 132, 0.2)"}, {"name": "AB+", "quantity": 2859127, "color": "rgba(255, 99, 132, 0.2)"}, {"name": "O-", "quantity": 518159, "color": "rgba(255, 99, 132, 0.2)"}, {"name": "A-", "quantity": 545917, "color": "rgba(255, 99, 132, 0.2)"}, {"name": "B-", "quantity": 437968, "color": "rgba(255, 99, 132, 0.2)"}, {"name": "AB-", "quantity": 163467, "color": "rgba(255, 99, 132, 0.2)"}]};
{"chart_type": "line", "title": "Blood types in Venezuela", "data": [{"name": "O+", "quantity": 16699804, "color": "rgba(255, 99, 132, 0.2)"}, {"name": "A+", "quantity": 8077778, "color": "rgba(255, 99, 132, 0.2)"}, {"name": "B+", "quantity": 1604098, "color": "rgba(255, 99, 132, 0.2)"}, {"name": "AB+", "quantity": 544247, "color": "rgba(255, 99, 132, 0.2)"}, {"name": "O-", "quantity": 1059850, "color": "rgba(255, 99, 132, 0.2)"}, {"name": "A-", "quantity": 515603, "color": "rgba(255, 99, 132, 0.2)"}, {"name": "B-", "quantity": 114578, "color": "rgba(255, 99, 132, 0.2)"}, {"name": "AB-", "quantity": 28645, "color": "rgba(255, 99, 132, 0.2)"}]};
{"chart_type": "line", "title": "Blood types in Vietnam", "data": [{"name": "O+", "quantity": 41166772, "color": "rgba(255, 99, 132, 0.2)"}, {"name": "A+", "quantity": 21619959, "color": "rgba(255, 99, 132, 0.2)"}, {"name": "B+", "quantity": 30406153, "color": "rgba(255, 99, 132, 0.2)"}, {"name": "AB+", "quantity": 4916319, "color": "rgba(255, 99, 132, 0.2)"}, {"name": "O-", "quantity": 296164, "color": "rgba(255, 99, 132, 0.2)"}, {"name": "A-", "quantity": 98721, "color": "rgba(255, 99, 132, 0.2)"}, {"name": "B-", "quantity": 197443, "color": "rgba(255, 99, 132, 0.2)"}, {"name": "AB-", "quantity": 19744, "color": "rgba(255, 99, 132, 0.2)"}]};
{"chart_type": "line", "title": "Blood types in Yemen", "data": [{"name": "O+", "quantity": 14296699, "color": "rgba(255, 99, 132, 0.2)"}, {"name": "A+", "quantity": 8218211, "color": "rgba(255, 99, 132, 0.2)"}, {"name": "B+", "quantity": 4578291, "color": "rgba(255, 99, 132, 0.2)"}, {"name": "AB+", "quantity": 639526, "color": "rgba(255, 99, 132, 0.2)"}, {"name": "O-", "quantity": 1093769, "color": "rgba(255, 99, 132, 0.2)"}, {"name": "A-", "quantity": 627573, "color": "rgba(255, 99, 132, 0.2)"}, {"name": "B-", "quantity": 349648, "color": "rgba(255, 99, 132, 0.2)"}, {"name": "AB-", "quantity": 47815, "color": "rgba(255, 99, 132, 0.2)"}]};
{"chart_type": "line", "title": "Blood types in Zimbabwe", "data": [{"name": "O+", "quantity": 9207817, "color": "rgba(255, 99, 132, 0.2)"}, {"name": "A+", "quantity": 2691068, "color": "rgba(255, 99, 132, 0.2)"}, {"name": "B+", "quantity": 2123762, "color": "rgba(255, 99, 132, 0.2)"}, {"name": "AB+", "quantity": 144009, "color": "rgba(255, 99, 132, 0.2)"}, {"name": "O-", "quantity": 247287, "color": "rgba(255, 99, 132, 0.2)"}, {"name": "A-", "quantity": 72732, "color": "rgba(255, 99, 132, 0.2)"}, {"name": "B-", "quantity": 58185, "color": "rgba(255, 99, 132, 0.2)"}, {"name": "AB-", "quantity": 1455, "color": "rgba(255, 99, 132, 0.2)"}]};
{"chart_type": "line", "title": "Blood types in World", "data": [{"name": "O+", "quantity": 2904714346, "color": "rgba(255, 99, 132, 0.2)"}, {"name": "A+", "quantity": 2117324559, "color": "rgba(255, 99, 132, 0.2)"}, {"name": "B+", "quantity": 1774541839, "color": "rgba(255, 99, 132, 0.2)"}, {"name": "AB+", "quantity": 483471320, "color": "rgba(255, 99, 132, 0.2)"}, {"name": "O-", "quantity": 209089687, "color": "rgba(255, 99, 132, 0.2)"}, {"name": "A-", "quantity": 162452582, "color": "rgba(255, 99, 132, 0.2)"}, {"name": "B-", "quantity": 90165069, "color": "rgba(255, 99, 132, 0.2)"}, {"name": "AB-", "quantity": 31091403, "color": "rgba(255, 99, 132, 0.2)"}]};
